Phase,Timeline,Activity,Key Deliverables,Success Metrics
Phase 1: Market Research & Planning,Month 1-2,Industry Prioritization,"Industry selection matrix, TAM analysis",3-5 priority industries identified
Phase 1: Market Research & Planning,Month 1-2,Customer Discovery,10+ customer interviews per industry,Clear pain points and willingness to pay validated
Phase 1: Market Research & Planning,Month 1-2,Competitive Analysis,"Competitor feature comparison, pricing analysis",Competitive positioning defined
Phase 1: Market Research & Planning,Month 1-2,ROI Model Development,"ROI calculator, business case templates",Expected ROI >300% for customers
Phase 2: Technology Development,Month 2-4,AI Model Development,Computer vision models for top 5 use cases,Model accuracy >90% for key use cases
Phase 2: Technology Development,Month 2-4,Camera Infrastructure Design,"Camera specs, network requirements",Cost-effective camera solution <$500/camera
Phase 2: Technology Development,Month 2-4,Edge Computing Setup,"Edge device selection, deployment guide",Latency <500ms for real-time alerts
Phase 2: Technology Development,Month 2-4,Data Pipeline Architecture,Real-time processing pipeline,Process 50+ camera feeds simultaneously
Phase 3: Pilot Implementation,Month 4-6,Select 2-3 Pilot Customers,Pilot agreements signed,2-3 signed pilots
Phase 3: Pilot Implementation,Month 4-6,Deploy Video Analytics,Live systems in 2-3 locations,System uptime >95%
Phase 3: Pilot Implementation,Month 4-6,Collect Performance Data,KPI dashboard with 30+ days data,Customer satisfaction >8/10
Phase 3: Pilot Implementation,Month 4-6,Refine Models & KPIs,"Updated ML models, KPI definitions",Accuracy improvement >15%
Phase 4: SaaS Platform Development,Month 5-8,Multi-tenant Platform Build,SaaS infrastructure on AWS/Azure/GCP,Multi-tenant architecture supporting 50+ customers
Phase 4: SaaS Platform Development,Month 5-8,Dashboard & Analytics UI,"Customer portal, real-time dashboards",Dashboard load time <3 seconds
Phase 4: SaaS Platform Development,Month 5-8,API Development,RESTful APIs for integration,API response time <200ms
Phase 4: SaaS Platform Development,Month 5-8,Security & Compliance Setup,"SOC 2, GDPR compliance certification",Certification achieved
Phase 5: Go-to-Market,Month 8-10,Pricing Model Finalization,Tiered pricing model (Starter/Pro/Enterprise),CAC payback period <12 months
Phase 5: Go-to-Market,Month 8-10,Sales Team Training,"Sales playbook, demo environment",Sales team closes >20% of demos
Phase 5: Go-to-Market,Month 8-10,Marketing Campaign Launch,"Website, case studies, content marketing",100+ qualified leads generated
Phase 5: Go-to-Market,Month 8-10,Partner Channel Development,System integrator partnerships,2+ strategic partnerships signed
Phase 6: Scale & Optimize,Month 10-12+,Customer Success Program,"Onboarding playbook, support team",Customer retention >85%
Phase 6: Scale & Optimize,Month 10-12+,Feature Expansion,"Advanced analytics, predictive alerts",10+ new features based on feedback
Phase 6: Scale & Optimize,Month 10-12+,New Industry Verticals,Expand to 3-5 new industries,5+ industries with paying customers
Phase 6: Scale & Optimize,Month 10-12+,International Expansion,"Regional data centers, local partnerships",Expansion to 2+ new geographies
