Risk Category,Specific Risk,Impact,Probability,Mitigation Strategy
Technical Risks,AI Model Accuracy Issues,High,Medium,"Continuous model training, establish 90%+ accuracy SLA, human-in-loop for critical alerts"
Technical Risks,Video Quality Variability,Medium,Medium,"Define minimum camera specs, provide lighting guidelines, pre-deployment site survey"
Technical Risks,Network/Connectivity Issues,Medium,Low,"Design for edge processing, offline mode with sync, 4G/5G backup connectivity"
Technical Risks,Scalability Challenges,High,Medium,"Build cloud-native architecture, horizontal scaling, load testing before launches"
Market Risks,Low Customer Adoption,High,Medium,"Focus on high-ROI use cases, develop strong case studies, offer pilot programs"
Market Risks,Strong Competitor Entry,High,Medium,"Differentiate with industry-specific solutions, build deep domain expertise, strong customer success"
Market Risks,Industry-Specific Resistance,Medium,High,"Partner with industry associations, showcase compliance benefits, gradual rollout approach"
Market Risks,Long Sales Cycles,Medium,High,"Develop self-serve demos, ROI calculators, land-and-expand strategy with quick wins"
Operational Risks,Implementation Complexity,High,Medium,"Standardized deployment playbooks, partner with system integrators, train customer IT teams"
Operational Risks,Customer Support Burden,Medium,Medium,"Build knowledge base, chatbot for L1 support, tiered support model, community forums"
Operational Risks,Data Management Overhead,Medium,Low,"Automated data lifecycle management, GDPR-compliant data deletion, data compression techniques"
Operational Risks,Talent Acquisition,High,Medium,"Partner with universities, offer equity/competitive comp, build remote-first team"
Financial Risks,High Customer Acquisition Cost,High,Medium,"Optimize funnel, content marketing for inbound leads, partner channels to reduce CAC"
Financial Risks,Cash Flow Challenges,High,Medium,"Secure VC funding, annual contracts with upfront payment, milestone-based implementation fees"
Financial Risks,Low Customer Retention,High,Medium,"Strong onboarding, regular QBRs, demonstrate ongoing ROI, product-led retention features"
Compliance & Legal,"Privacy Regulations (GDPR, CCPA)",High,Medium,"Privacy-by-design, anonymization features, clear data policies, GDPR/CCPA compliance certifications"
Compliance & Legal,Worker Surveillance Concerns,Medium,High,"Transparent communication about analytics (not surveillance), opt-in features, union engagement"
Compliance & Legal,Liability for Missed Incidents,Medium,Low,"Clear SLA disclaimers, insurance coverage, position as 'assistance tool' not replacement for human oversight"
