name,resource_type,service_name,region,cloud_resource_id,name_has_prod,name_has_dev,name_has_staging,name_has_test,name_has_api,name_has_ml,name_has_data,name_length,name_word_count,label
kyc-client-smart-contract-bucket,Bucket,AmazonS3,ap-south-1,kyc-client-smart-contract-bucket,0,0,0,0,0,0,0,32,5,DevOps
audit-smart-contract,Instance,AmazonEC2,ap-south-1,i-02dce087aaf9073cf,0,0,0,0,0,0,0,20,3,DevOps
io-ct-jenkins,Instance,AmazonEC2,ap-south-1,i-07c47f86b70d8dc6d,0,0,0,0,0,0,0,13,3,DevOps
prod-testing-scoop-3rd,Instance,AmazonEC2,ap-south-1,i-0d80997f52554318f,1,0,0,1,0,0,0,22,4,ramaanand
invincible-ocean-prometheus,Instance,AmazonEC2,ap-south-1,i-0b95870ab342464c4,0,0,0,0,0,0,0,27,3,Naresh A
prod-testing-scoop-4th,Instance,AmazonEC2,ap-south-1,i-08f142ca462a6fb03,1,0,0,1,0,0,0,22,4,ramaanand
prod-rc-theft-&-bulk-process,Instance,AmazonEC2,ap-south-1,i-099a98fc02204b10c,1,0,0,0,0,0,0,28,6,ramaanand
prod-testing-scoop-1st,Instance,AmazonEC2,ap-south-1,i-03a561577aa688bdf,1,0,0,1,0,0,0,22,4,ramaanand
prod-testing-scoop-2nd,Instance,AmazonEC2,ap-south-1,i-04a997918a51193bf,1,0,0,1,0,0,0,22,4,ramaanand
cloudtuner-backup-20251104,Snapshot,AmazonEC2,ap-south-1,snap-01466e1623ecd0082,0,0,0,0,0,0,0,26,3,K8sCronJob
cloudtuner-backup-20251103,Snapshot,AmazonEC2,ap-south-1,snap-0f0a15a493c03b373,0,0,0,0,0,0,0,26,3,K8sCronJob
cloudtuner-backup-20251104,Snapshot,AmazonEC2,ap-south-1,snap-0026d2812effe19df,0,0,0,0,0,0,0,26,3,K8sCronJob
cloudtuner-backup-20251103,Snapshot,AmazonEC2,ap-south-1,snap-066a565697957265f,0,0,0,0,0,0,0,26,3,K8sCronJob
cloudtuner-backup-20251103,Snapshot,AmazonEC2,ap-south-1,snap-02062b9ba07aed4e6,0,0,0,0,0,0,0,26,3,K8sCronJob
cloudtuner-backup-20251104,Snapshot,AmazonEC2,ap-south-1,snap-0617c7c3698fb7db7,0,0,0,0,0,0,0,26,3,K8sCronJob
cloudtuner-backup-20251104,Snapshot,AmazonEC2,ap-south-1,snap-0df8a92df15a79a6f,0,0,0,0,0,0,0,26,3,K8sCronJob
cloudtuner-backup-20251103,Snapshot,AmazonEC2,ap-south-1,snap-0d7189ee22baaf7be,0,0,0,0,0,0,0,26,3,K8sCronJob
Testnet4,Instance,AmazonEC2,ap-south-1,i-0e16005ef77e8c018,0,0,0,1,0,0,0,8,1,Inviscan-bitviraj
prod-invi-read-frontend,Instance,AmazonEC2,ap-south-1,i-01be56849bfd921d6,1,0,0,0,0,0,0,23,4,Ramanand
prod-invi-read-backend-2nd,Instance,AmazonEC2,ap-south-1,i-09aed364e2034b6a2,1,0,0,0,0,0,0,26,5,Ramanand
prod-invi-read-mini-backend,Instance,AmazonEC2,ap-south-1,i-0396c51036ba650f3,1,0,0,0,0,0,0,27,5,Ramanand
prod-invi-read-backend-1st,Instance,AmazonEC2,ap-south-1,i-04b87b4db461553ea,1,0,0,0,0,0,0,26,5,Ramanand
io-ct-jenkins,Instance,AmazonEC2,ap-south-1,i-07c47f86b70d8dc6d,0,0,0,0,0,0,0,13,3,DevOps
audit-smart-contract,Instance,AmazonEC2,ap-south-1,i-02dce087aaf9073cf,0,0,0,0,0,0,0,20,3,DevOps
cloudtuner-backup-20251104,Snapshot,AmazonEC2,ap-south-1,snap-01466e1623ecd0082,0,0,0,0,0,0,0,26,3,K8sCronJob
cloudtuner-backup-20251103,Snapshot,AmazonEC2,ap-south-1,snap-0f0a15a493c03b373,0,0,0,0,0,0,0,26,3,K8sCronJob
cloudtuner-backup-20251104,Snapshot,AmazonEC2,ap-south-1,snap-0026d2812effe19df,0,0,0,0,0,0,0,26,3,K8sCronJob
cloudtuner-backup-20251103,Snapshot,AmazonEC2,ap-south-1,snap-066a565697957265f,0,0,0,0,0,0,0,26,3,K8sCronJob
cloudtuner-backup-20251103,Snapshot,AmazonEC2,ap-south-1,snap-02062b9ba07aed4e6,0,0,0,0,0,0,0,26,3,K8sCronJob
cloudtuner-backup-20251104,Snapshot,AmazonEC2,ap-south-1,snap-0617c7c3698fb7db7,0,0,0,0,0,0,0,26,3,K8sCronJob
cloudtuner-backup-20251104,Snapshot,AmazonEC2,ap-south-1,snap-0df8a92df15a79a6f,0,0,0,0,0,0,0,26,3,K8sCronJob
cloudtuner-backup-20251103,Snapshot,AmazonEC2,ap-south-1,snap-0d7189ee22baaf7be,0,0,0,0,0,0,0,26,3,K8sCronJob
kyc-client-smart-contract-bucket,Bucket,AmazonS3,ap-south-1,kyc-client-smart-contract-bucket,0,0,0,0,0,0,0,32,5,DevOps
invincible-ocean-prometheus,Instance,AmazonEC2,ap-south-1,i-0b95870ab342464c4,0,0,0,0,0,0,0,27,3,Naresh A
prod-testing-scoop-1st,Instance,AmazonEC2,ap-south-1,i-03a561577aa688bdf,1,0,0,1,0,0,0,22,4,ramaanand
prod-testing-scoop-2nd,Instance,AmazonEC2,ap-south-1,i-04a997918a51193bf,1,0,0,1,0,0,0,22,4,ramaanand
prod-testing-scoop-3rd,Instance,AmazonEC2,ap-south-1,i-0d80997f52554318f,1,0,0,1,0,0,0,22,4,ramaanand
prod-testing-scoop-4th,Instance,AmazonEC2,ap-south-1,i-08f142ca462a6fb03,1,0,0,1,0,0,0,22,4,ramaanand
prod-rc-theft-&-bulk-process,Instance,AmazonEC2,ap-south-1,i-099a98fc02204b10c,1,0,0,0,0,0,0,28,6,ramaanand
prod-invi-read-backend-1st,Instance,AmazonEC2,ap-south-1,i-04b87b4db461553ea,1,0,0,0,0,0,0,26,5,Ramanand
prod-invi-read-frontend,Instance,AmazonEC2,ap-south-1,i-01be56849bfd921d6,1,0,0,0,0,0,0,23,4,Ramanand
prod-invi-read-backend-2nd,Instance,AmazonEC2,ap-south-1,i-09aed364e2034b6a2,1,0,0,0,0,0,0,26,5,Ramanand
prod-invi-read-mini-backend,Instance,AmazonEC2,ap-south-1,i-0396c51036ba650f3,1,0,0,0,0,0,0,27,5,Ramanand
Testnet4,Instance,AmazonEC2,ap-south-1,i-0e16005ef77e8c018,0,0,0,1,0,0,0,8,1,Inviscan-bitviraj
cloudtuner-backup-20251105,Snapshot,AmazonEC2,ap-south-1,snap-0eb8146225f8a0b93,0,0,0,0,0,0,0,26,3,K8sCronJob
cloudtuner-backup-20251105,Snapshot,AmazonEC2,ap-south-1,snap-0c52511bcbb830dc5,0,0,0,0,0,0,0,26,3,K8sCronJob
cloudtuner-backup-20251105,Snapshot,AmazonEC2,ap-south-1,snap-04f07d086f57c9231,0,0,0,0,0,0,0,26,3,K8sCronJob
cloudtuner-backup-20251105,Snapshot,AmazonEC2,ap-south-1,snap-09fa5602c1cacb7cb,0,0,0,0,0,0,0,26,3,K8sCronJob
cloudtuner-backup-20251105,Snapshot,AmazonEC2,ap-south-1,snap-0eb8146225f8a0b93,0,0,0,0,0,0,0,26,3,K8sCronJob
cloudtuner-backup-20251105,Snapshot,AmazonEC2,ap-south-1,snap-0c52511bcbb830dc5,0,0,0,0,0,0,0,26,3,K8sCronJob
cloudtuner-backup-20251105,Snapshot,AmazonEC2,ap-south-1,snap-04f07d086f57c9231,0,0,0,0,0,0,0,26,3,K8sCronJob
cloudtuner-backup-20251105,Snapshot,AmazonEC2,ap-south-1,snap-09fa5602c1cacb7cb,0,0,0,0,0,0,0,26,3,K8sCronJob
cloudtuner-backup-20251105,Snapshot,AmazonEC2,ap-south-1,snap-0eb8146225f8a0b93,0,0,0,0,0,0,0,26,3,K8sCronJob
cloudtuner-backup-20251105,Snapshot,AmazonEC2,ap-south-1,snap-0c52511bcbb830dc5,0,0,0,0,0,0,0,26,3,K8sCronJob
cloudtuner-backup-20251105,Snapshot,AmazonEC2,ap-south-1,snap-04f07d086f57c9231,0,0,0,0,0,0,0,26,3,K8sCronJob
cloudtuner-backup-20251105,Snapshot,AmazonEC2,ap-south-1,snap-09fa5602c1cacb7cb,0,0,0,0,0,0,0,26,3,K8sCronJob
cloudtuner-backup-20251105,Snapshot,AmazonEC2,ap-south-1,snap-0eb8146225f8a0b93,0,0,0,0,0,0,0,26,3,K8sCronJob
cloudtuner-backup-20251105,Snapshot,AmazonEC2,ap-south-1,snap-0c52511bcbb830dc5,0,0,0,0,0,0,0,26,3,K8sCronJob
cloudtuner-backup-20251105,Snapshot,AmazonEC2,ap-south-1,snap-04f07d086f57c9231,0,0,0,0,0,0,0,26,3,K8sCronJob
cloudtuner-backup-20251105,Snapshot,AmazonEC2,ap-south-1,snap-09fa5602c1cacb7cb,0,0,0,0,0,0,0,26,3,K8sCronJob
cloudtuner-backup-20251106,Snapshot,AmazonEC2,ap-south-1,snap-0511e04031123e27b,0,0,0,0,0,0,0,26,3,K8sCronJob
cloudtuner-backup-20251106,Snapshot,AmazonEC2,ap-south-1,snap-06df0203c7b02b48e,0,0,0,0,0,0,0,26,3,K8sCronJob
cloudtuner-backup-20251106,Snapshot,AmazonEC2,ap-south-1,snap-08d463fdaa0f9258b,0,0,0,0,0,0,0,26,3,K8sCronJob
cloudtuner-backup-20251106,Snapshot,AmazonEC2,ap-south-1,snap-083fcb8ae239a6944,0,0,0,0,0,0,0,26,3,K8sCronJob
cloudtuner-backup-20251106,Snapshot,AmazonEC2,ap-south-1,snap-0511e04031123e27b,0,0,0,0,0,0,0,26,3,K8sCronJob
cloudtuner-backup-20251106,Snapshot,AmazonEC2,ap-south-1,snap-06df0203c7b02b48e,0,0,0,0,0,0,0,26,3,K8sCronJob
cloudtuner-backup-20251106,Snapshot,AmazonEC2,ap-south-1,snap-08d463fdaa0f9258b,0,0,0,0,0,0,0,26,3,K8sCronJob
cloudtuner-backup-20251106,Snapshot,AmazonEC2,ap-south-1,snap-083fcb8ae239a6944,0,0,0,0,0,0,0,26,3,K8sCronJob
cloudtuner-backup-20251106,Snapshot,AmazonEC2,ap-south-1,snap-0511e04031123e27b,0,0,0,0,0,0,0,26,3,K8sCronJob
cloudtuner-backup-20251106,Snapshot,AmazonEC2,ap-south-1,snap-06df0203c7b02b48e,0,0,0,0,0,0,0,26,3,K8sCronJob
cloudtuner-backup-20251106,Snapshot,AmazonEC2,ap-south-1,snap-08d463fdaa0f9258b,0,0,0,0,0,0,0,26,3,K8sCronJob
cloudtuner-backup-20251106,Snapshot,AmazonEC2,ap-south-1,snap-083fcb8ae239a6944,0,0,0,0,0,0,0,26,3,K8sCronJob
cloudtuner-backup-20251106,Snapshot,AmazonEC2,ap-south-1,snap-0511e04031123e27b,0,0,0,0,0,0,0,26,3,K8sCronJob
cloudtuner-backup-20251106,Snapshot,AmazonEC2,ap-south-1,snap-06df0203c7b02b48e,0,0,0,0,0,0,0,26,3,K8sCronJob
cloudtuner-backup-20251106,Snapshot,AmazonEC2,ap-south-1,snap-08d463fdaa0f9258b,0,0,0,0,0,0,0,26,3,K8sCronJob
cloudtuner-backup-20251106,Snapshot,AmazonEC2,ap-south-1,snap-083fcb8ae239a6944,0,0,0,0,0,0,0,26,3,K8sCronJob
Testnet4,Instance,AmazonEC2,ap-south-1,i-0e16005ef77e8c018,0,0,0,1,0,0,0,8,1,Inviscan-bitviraj
prod-invi-read-frontend,Instance,AmazonEC2,ap-south-1,i-01be56849bfd921d6,1,0,0,0,0,0,0,23,4,Ramanand
prod-invi-read-backend-1st,Instance,AmazonEC2,ap-south-1,i-04b87b4db461553ea,1,0,0,0,0,0,0,26,5,Ramanand
prod-invi-read-backend-2nd,Instance,AmazonEC2,ap-south-1,i-09aed364e2034b6a2,1,0,0,0,0,0,0,26,5,Ramanand
prod-invi-read-mini-backend,Instance,AmazonEC2,ap-south-1,i-0396c51036ba650f3,1,0,0,0,0,0,0,27,5,Ramanand
cloudtuner-backup-20251107,Snapshot,AmazonEC2,ap-south-1,snap-078ddaa16fa909eb3,0,0,0,0,0,0,0,26,3,K8sCronJob
cloudtuner-backup-20251107,Snapshot,AmazonEC2,ap-south-1,snap-017cc92a109bd6bad,0,0,0,0,0,0,0,26,3,K8sCronJob
cloudtuner-backup-20251107,Snapshot,AmazonEC2,ap-south-1,snap-06ca62f07579672da,0,0,0,0,0,0,0,26,3,K8sCronJob
cloudtuner-backup-20251107,Snapshot,AmazonEC2,ap-south-1,snap-075c99138820b8939,0,0,0,0,0,0,0,26,3,K8sCronJob
cloudtuner-backup-20251107,Snapshot,AmazonEC2,ap-south-1,snap-078ddaa16fa909eb3,0,0,0,0,0,0,0,26,3,K8sCronJob
cloudtuner-backup-20251107,Snapshot,AmazonEC2,ap-south-1,snap-017cc92a109bd6bad,0,0,0,0,0,0,0,26,3,K8sCronJob
cloudtuner-backup-20251107,Snapshot,AmazonEC2,ap-south-1,snap-06ca62f07579672da,0,0,0,0,0,0,0,26,3,K8sCronJob
cloudtuner-backup-20251107,Snapshot,AmazonEC2,ap-south-1,snap-075c99138820b8939,0,0,0,0,0,0,0,26,3,K8sCronJob
cloudtuner-backup-20251107,Snapshot,AmazonEC2,ap-south-1,snap-078ddaa16fa909eb3,0,0,0,0,0,0,0,26,3,K8sCronJob
cloudtuner-backup-20251107,Snapshot,AmazonEC2,ap-south-1,snap-017cc92a109bd6bad,0,0,0,0,0,0,0,26,3,K8sCronJob
cloudtuner-backup-20251107,Snapshot,AmazonEC2,ap-south-1,snap-06ca62f07579672da,0,0,0,0,0,0,0,26,3,K8sCronJob
cloudtuner-backup-20251107,Snapshot,AmazonEC2,ap-south-1,snap-075c99138820b8939,0,0,0,0,0,0,0,26,3,K8sCronJob
cloudtuner-backup-20251107,Snapshot,AmazonEC2,ap-south-1,snap-078ddaa16fa909eb3,0,0,0,0,0,0,0,26,3,K8sCronJob
cloudtuner-backup-20251107,Snapshot,AmazonEC2,ap-south-1,snap-017cc92a109bd6bad,0,0,0,0,0,0,0,26,3,K8sCronJob
cloudtuner-backup-20251107,Snapshot,AmazonEC2,ap-south-1,snap-06ca62f07579672da,0,0,0,0,0,0,0,26,3,K8sCronJob
cloudtuner-backup-20251107,Snapshot,AmazonEC2,ap-south-1,snap-075c99138820b8939,0,0,0,0,0,0,0,26,3,K8sCronJob
cloudtuner-backup-20251108,Snapshot,AmazonEC2,ap-south-1,snap-05ccad2a5bcb3d39b,0,0,0,0,0,0,0,26,3,K8sCronJob
cloudtuner-backup-20251108,Snapshot,AmazonEC2,ap-south-1,snap-08140640a028e752d,0,0,0,0,0,0,0,26,3,K8sCronJob
cloudtuner-backup-20251108,Snapshot,AmazonEC2,ap-south-1,snap-036eae794d919ea0e,0,0,0,0,0,0,0,26,3,K8sCronJob
cloudtuner-backup-20251108,Snapshot,AmazonEC2,ap-south-1,snap-0dae20a505cf12541,0,0,0,0,0,0,0,26,3,K8sCronJob
cloudtuner-backup-20251108,Snapshot,AmazonEC2,ap-south-1,snap-05ccad2a5bcb3d39b,0,0,0,0,0,0,0,26,3,K8sCronJob
cloudtuner-backup-20251108,Snapshot,AmazonEC2,ap-south-1,snap-08140640a028e752d,0,0,0,0,0,0,0,26,3,K8sCronJob
cloudtuner-backup-20251108,Snapshot,AmazonEC2,ap-south-1,snap-036eae794d919ea0e,0,0,0,0,0,0,0,26,3,K8sCronJob
cloudtuner-backup-20251108,Snapshot,AmazonEC2,ap-south-1,snap-0dae20a505cf12541,0,0,0,0,0,0,0,26,3,K8sCronJob
cloudtuner-backup-20251108,Snapshot,AmazonEC2,ap-south-1,snap-05ccad2a5bcb3d39b,0,0,0,0,0,0,0,26,3,K8sCronJob
cloudtuner-backup-20251108,Snapshot,AmazonEC2,ap-south-1,snap-08140640a028e752d,0,0,0,0,0,0,0,26,3,K8sCronJob
cloudtuner-backup-20251108,Snapshot,AmazonEC2,ap-south-1,snap-036eae794d919ea0e,0,0,0,0,0,0,0,26,3,K8sCronJob
cloudtuner-backup-20251108,Snapshot,AmazonEC2,ap-south-1,snap-0dae20a505cf12541,0,0,0,0,0,0,0,26,3,K8sCronJob
cloudtuner-backup-20251108,Snapshot,AmazonEC2,ap-south-1,snap-05ccad2a5bcb3d39b,0,0,0,0,0,0,0,26,3,K8sCronJob
cloudtuner-backup-20251108,Snapshot,AmazonEC2,ap-south-1,snap-08140640a028e752d,0,0,0,0,0,0,0,26,3,K8sCronJob
cloudtuner-backup-20251108,Snapshot,AmazonEC2,ap-south-1,snap-036eae794d919ea0e,0,0,0,0,0,0,0,26,3,K8sCronJob
cloudtuner-backup-20251108,Snapshot,AmazonEC2,ap-south-1,snap-0dae20a505cf12541,0,0,0,0,0,0,0,26,3,K8sCronJob
cloudtuner-backup-20251109,Snapshot,AmazonEC2,ap-south-1,snap-017629446a05f5e5d,0,0,0,0,0,0,0,26,3,K8sCronJob
cloudtuner-backup-20251109,Snapshot,AmazonEC2,ap-south-1,snap-0cb843d9079cf16c9,0,0,0,0,0,0,0,26,3,K8sCronJob
cloudtuner-backup-20251109,Snapshot,AmazonEC2,ap-south-1,snap-0359c971866bc157b,0,0,0,0,0,0,0,26,3,K8sCronJob
cloudtuner-backup-20251109,Snapshot,AmazonEC2,ap-south-1,snap-077ab034effac018f,0,0,0,0,0,0,0,26,3,K8sCronJob
cloudtuner-backup-20251109,Snapshot,AmazonEC2,ap-south-1,snap-017629446a05f5e5d,0,0,0,0,0,0,0,26,3,K8sCronJob
cloudtuner-backup-20251109,Snapshot,AmazonEC2,ap-south-1,snap-0cb843d9079cf16c9,0,0,0,0,0,0,0,26,3,K8sCronJob
cloudtuner-backup-20251109,Snapshot,AmazonEC2,ap-south-1,snap-0359c971866bc157b,0,0,0,0,0,0,0,26,3,K8sCronJob
cloudtuner-backup-20251109,Snapshot,AmazonEC2,ap-south-1,snap-077ab034effac018f,0,0,0,0,0,0,0,26,3,K8sCronJob
cloudtuner-backup-20251109,Snapshot,AmazonEC2,ap-south-1,snap-017629446a05f5e5d,0,0,0,0,0,0,0,26,3,K8sCronJob
cloudtuner-backup-20251109,Snapshot,AmazonEC2,ap-south-1,snap-0cb843d9079cf16c9,0,0,0,0,0,0,0,26,3,K8sCronJob
cloudtuner-backup-20251109,Snapshot,AmazonEC2,ap-south-1,snap-0359c971866bc157b,0,0,0,0,0,0,0,26,3,K8sCronJob
cloudtuner-backup-20251109,Snapshot,AmazonEC2,ap-south-1,snap-077ab034effac018f,0,0,0,0,0,0,0,26,3,K8sCronJob
cloudtuner-backup-20251109,Snapshot,AmazonEC2,ap-south-1,snap-017629446a05f5e5d,0,0,0,0,0,0,0,26,3,K8sCronJob
cloudtuner-backup-20251109,Snapshot,AmazonEC2,ap-south-1,snap-0cb843d9079cf16c9,0,0,0,0,0,0,0,26,3,K8sCronJob
cloudtuner-backup-20251109,Snapshot,AmazonEC2,ap-south-1,snap-0359c971866bc157b,0,0,0,0,0,0,0,26,3,K8sCronJob
cloudtuner-backup-20251109,Snapshot,AmazonEC2,ap-south-1,snap-077ab034effac018f,0,0,0,0,0,0,0,26,3,K8sCronJob
cloudtuner-backup-20251110,Snapshot,AmazonEC2,ap-south-1,snap-0d980491ebbe979ea,0,0,0,0,0,0,0,26,3,K8sCronJob
cloudtuner-backup-20251110,Snapshot,AmazonEC2,ap-south-1,snap-0f27547e3e501d461,0,0,0,0,0,0,0,26,3,K8sCronJob
cloudtuner-backup-20251110,Snapshot,AmazonEC2,ap-south-1,snap-08778aeac0773cedc,0,0,0,0,0,0,0,26,3,K8sCronJob
cloudtuner-backup-20251110,Snapshot,AmazonEC2,ap-south-1,snap-036480802244e2927,0,0,0,0,0,0,0,26,3,K8sCronJob
cloudtuner-backup-20251110,Snapshot,AmazonEC2,ap-south-1,snap-0d980491ebbe979ea,0,0,0,0,0,0,0,26,3,K8sCronJob
cloudtuner-backup-20251110,Snapshot,AmazonEC2,ap-south-1,snap-0f27547e3e501d461,0,0,0,0,0,0,0,26,3,K8sCronJob
cloudtuner-backup-20251110,Snapshot,AmazonEC2,ap-south-1,snap-08778aeac0773cedc,0,0,0,0,0,0,0,26,3,K8sCronJob
cloudtuner-backup-20251110,Snapshot,AmazonEC2,ap-south-1,snap-036480802244e2927,0,0,0,0,0,0,0,26,3,K8sCronJob
cloudtuner-backup-20251110,Snapshot,AmazonEC2,ap-south-1,snap-0d980491ebbe979ea,0,0,0,0,0,0,0,26,3,K8sCronJob
cloudtuner-backup-20251110,Snapshot,AmazonEC2,ap-south-1,snap-0f27547e3e501d461,0,0,0,0,0,0,0,26,3,K8sCronJob
cloudtuner-backup-20251110,Snapshot,AmazonEC2,ap-south-1,snap-08778aeac0773cedc,0,0,0,0,0,0,0,26,3,K8sCronJob
cloudtuner-backup-20251110,Snapshot,AmazonEC2,ap-south-1,snap-036480802244e2927,0,0,0,0,0,0,0,26,3,K8sCronJob
cloudtuner-backup-20251110,Snapshot,AmazonEC2,ap-south-1,snap-0d980491ebbe979ea,0,0,0,0,0,0,0,26,3,K8sCronJob
cloudtuner-backup-20251110,Snapshot,AmazonEC2,ap-south-1,snap-0f27547e3e501d461,0,0,0,0,0,0,0,26,3,K8sCronJob
cloudtuner-backup-20251110,Snapshot,AmazonEC2,ap-south-1,snap-08778aeac0773cedc,0,0,0,0,0,0,0,26,3,K8sCronJob
cloudtuner-backup-20251110,Snapshot,AmazonEC2,ap-south-1,snap-036480802244e2927,0,0,0,0,0,0,0,26,3,K8sCronJob
cloudtuner-backup-20251111,Snapshot,AmazonEC2,ap-south-1,snap-02ba00b5e4e4a80e2,0,0,0,0,0,0,0,26,3,K8sCronJob
cloudtuner-backup-20251111,Snapshot,AmazonEC2,ap-south-1,snap-00d45db580e5a09d5,0,0,0,0,0,0,0,26,3,K8sCronJob
cloudtuner-backup-20251111,Snapshot,AmazonEC2,ap-south-1,snap-0f56a412771f521b0,0,0,0,0,0,0,0,26,3,K8sCronJob
cloudtuner-backup-20251111,Snapshot,AmazonEC2,ap-south-1,snap-0ed7f09b88dcafdaa,0,0,0,0,0,0,0,26,3,K8sCronJob
cloudtuner-backup-20251111,Snapshot,AmazonEC2,ap-south-1,snap-02ba00b5e4e4a80e2,0,0,0,0,0,0,0,26,3,K8sCronJob
cloudtuner-backup-20251111,Snapshot,AmazonEC2,ap-south-1,snap-00d45db580e5a09d5,0,0,0,0,0,0,0,26,3,K8sCronJob
cloudtuner-backup-20251111,Snapshot,AmazonEC2,ap-south-1,snap-0f56a412771f521b0,0,0,0,0,0,0,0,26,3,K8sCronJob
cloudtuner-backup-20251111,Snapshot,AmazonEC2,ap-south-1,snap-0ed7f09b88dcafdaa,0,0,0,0,0,0,0,26,3,K8sCronJob
cloudtuner-backup-20251111,Snapshot,AmazonEC2,ap-south-1,snap-02ba00b5e4e4a80e2,0,0,0,0,0,0,0,26,3,K8sCronJob
cloudtuner-backup-20251111,Snapshot,AmazonEC2,ap-south-1,snap-00d45db580e5a09d5,0,0,0,0,0,0,0,26,3,K8sCronJob
cloudtuner-backup-20251111,Snapshot,AmazonEC2,ap-south-1,snap-0f56a412771f521b0,0,0,0,0,0,0,0,26,3,K8sCronJob
cloudtuner-backup-20251111,Snapshot,AmazonEC2,ap-south-1,snap-0ed7f09b88dcafdaa,0,0,0,0,0,0,0,26,3,K8sCronJob
cloudtuner-backup-20251111,Snapshot,AmazonEC2,ap-south-1,snap-02ba00b5e4e4a80e2,0,0,0,0,0,0,0,26,3,K8sCronJob
cloudtuner-backup-20251111,Snapshot,AmazonEC2,ap-south-1,snap-00d45db580e5a09d5,0,0,0,0,0,0,0,26,3,K8sCronJob
cloudtuner-backup-20251111,Snapshot,AmazonEC2,ap-south-1,snap-0f56a412771f521b0,0,0,0,0,0,0,0,26,3,K8sCronJob
cloudtuner-backup-20251111,Snapshot,AmazonEC2,ap-south-1,snap-0ed7f09b88dcafdaa,0,0,0,0,0,0,0,26,3,K8sCronJob
prod-invi-read-backend-1st,Instance,AmazonEC2,ap-south-1,i-04b87b4db461553ea,1,0,0,0,0,0,0,26,5,Ramanand
prod-invi-read-frontend,Instance,AmazonEC2,ap-south-1,i-01be56849bfd921d6,1,0,0,0,0,0,0,23,4,Ramanand
prod-invi-read-backend-2nd,Instance,AmazonEC2,ap-south-1,i-09aed364e2034b6a2,1,0,0,0,0,0,0,26,5,Ramanand
prod-invi-read-mini-backend,Instance,AmazonEC2,ap-south-1,i-0396c51036ba650f3,1,0,0,0,0,0,0,27,5,Ramanand
Testnet4,Instance,AmazonEC2,ap-south-1,i-0e16005ef77e8c018,0,0,0,1,0,0,0,8,1,Inviscan-bitviraj
prod-uidp-scoop-1st,Instance,AmazonEC2,ap-south-1,i-0ddbf2f03c2d4285b,1,0,0,0,0,0,0,19,4,ramaanand
prod-uidp-scoop-1st,Instance,AmazonEC2,ap-south-1,i-0ddbf2f03c2d4285b,1,0,0,0,0,0,0,19,4,ramaanand
prod-uidp-scoop-1st,Instance,AmazonEC2,ap-south-1,i-0ddbf2f03c2d4285b,1,0,0,0,0,0,0,19,4,ramaanand
prod-uidp-scoop-1st,Instance,AmazonEC2,ap-south-1,i-0ddbf2f03c2d4285b,1,0,0,0,0,0,0,19,4,ramaanand
cloudtuner-backup-20251112,Snapshot,AmazonEC2,ap-south-1,snap-0780ab5d0c50d8bfb,0,0,0,0,0,0,0,26,3,K8sCronJob
cloudtuner-backup-20251112,Snapshot,AmazonEC2,ap-south-1,snap-018552ce32472e5de,0,0,0,0,0,0,0,26,3,K8sCronJob
cloudtuner-backup-20251112,Snapshot,AmazonEC2,ap-south-1,snap-0204ade667dbc54b4,0,0,0,0,0,0,0,26,3,K8sCronJob
cloudtuner-backup-20251112,Snapshot,AmazonEC2,ap-south-1,snap-05eec0c7704c1e57f,0,0,0,0,0,0,0,26,3,K8sCronJob
cloudtuner-backup-20251112,Snapshot,AmazonEC2,ap-south-1,snap-0780ab5d0c50d8bfb,0,0,0,0,0,0,0,26,3,K8sCronJob
cloudtuner-backup-20251112,Snapshot,AmazonEC2,ap-south-1,snap-018552ce32472e5de,0,0,0,0,0,0,0,26,3,K8sCronJob
cloudtuner-backup-20251112,Snapshot,AmazonEC2,ap-south-1,snap-0204ade667dbc54b4,0,0,0,0,0,0,0,26,3,K8sCronJob
cloudtuner-backup-20251112,Snapshot,AmazonEC2,ap-south-1,snap-05eec0c7704c1e57f,0,0,0,0,0,0,0,26,3,K8sCronJob
cloudtuner-backup-20251112,Snapshot,AmazonEC2,ap-south-1,snap-0780ab5d0c50d8bfb,0,0,0,0,0,0,0,26,3,K8sCronJob
cloudtuner-backup-20251112,Snapshot,AmazonEC2,ap-south-1,snap-018552ce32472e5de,0,0,0,0,0,0,0,26,3,K8sCronJob
cloudtuner-backup-20251112,Snapshot,AmazonEC2,ap-south-1,snap-0204ade667dbc54b4,0,0,0,0,0,0,0,26,3,K8sCronJob
cloudtuner-backup-20251112,Snapshot,AmazonEC2,ap-south-1,snap-05eec0c7704c1e57f,0,0,0,0,0,0,0,26,3,K8sCronJob
cloudtuner-backup-20251112,Snapshot,AmazonEC2,ap-south-1,snap-0780ab5d0c50d8bfb,0,0,0,0,0,0,0,26,3,K8sCronJob
cloudtuner-backup-20251112,Snapshot,AmazonEC2,ap-south-1,snap-018552ce32472e5de,0,0,0,0,0,0,0,26,3,K8sCronJob
cloudtuner-backup-20251112,Snapshot,AmazonEC2,ap-south-1,snap-0204ade667dbc54b4,0,0,0,0,0,0,0,26,3,K8sCronJob
cloudtuner-backup-20251112,Snapshot,AmazonEC2,ap-south-1,snap-05eec0c7704c1e57f,0,0,0,0,0,0,0,26,3,K8sCronJob
cloudtuner-backup-20251113,Snapshot,AmazonEC2,ap-south-1,snap-0f29aa7dc63071a40,0,0,0,0,0,0,0,26,3,K8sCronJob
cloudtuner-backup-20251113,Snapshot,AmazonEC2,ap-south-1,snap-023fe0eab4cc0b8bd,0,0,0,0,0,0,0,26,3,K8sCronJob
cloudtuner-backup-20251113,Snapshot,AmazonEC2,ap-south-1,snap-04cfb74f052de2944,0,0,0,0,0,0,0,26,3,K8sCronJob
cloudtuner-backup-20251113,Snapshot,AmazonEC2,ap-south-1,snap-02dfd639bcb9a862b,0,0,0,0,0,0,0,26,3,K8sCronJob
cloudtuner-backup-20251113,Snapshot,AmazonEC2,ap-south-1,snap-0f29aa7dc63071a40,0,0,0,0,0,0,0,26,3,K8sCronJob
cloudtuner-backup-20251113,Snapshot,AmazonEC2,ap-south-1,snap-023fe0eab4cc0b8bd,0,0,0,0,0,0,0,26,3,K8sCronJob
cloudtuner-backup-20251113,Snapshot,AmazonEC2,ap-south-1,snap-04cfb74f052de2944,0,0,0,0,0,0,0,26,3,K8sCronJob
cloudtuner-backup-20251113,Snapshot,AmazonEC2,ap-south-1,snap-02dfd639bcb9a862b,0,0,0,0,0,0,0,26,3,K8sCronJob
cloudtuner-backup-20251113,Snapshot,AmazonEC2,ap-south-1,snap-0f29aa7dc63071a40,0,0,0,0,0,0,0,26,3,K8sCronJob
cloudtuner-backup-20251113,Snapshot,AmazonEC2,ap-south-1,snap-023fe0eab4cc0b8bd,0,0,0,0,0,0,0,26,3,K8sCronJob
cloudtuner-backup-20251113,Snapshot,AmazonEC2,ap-south-1,snap-04cfb74f052de2944,0,0,0,0,0,0,0,26,3,K8sCronJob
cloudtuner-backup-20251113,Snapshot,AmazonEC2,ap-south-1,snap-02dfd639bcb9a862b,0,0,0,0,0,0,0,26,3,K8sCronJob
cloudtuner-backup-20251113,Snapshot,AmazonEC2,ap-south-1,snap-0f29aa7dc63071a40,0,0,0,0,0,0,0,26,3,K8sCronJob
cloudtuner-backup-20251113,Snapshot,AmazonEC2,ap-south-1,snap-023fe0eab4cc0b8bd,0,0,0,0,0,0,0,26,3,K8sCronJob
cloudtuner-backup-20251113,Snapshot,AmazonEC2,ap-south-1,snap-04cfb74f052de2944,0,0,0,0,0,0,0,26,3,K8sCronJob
cloudtuner-backup-20251113,Snapshot,AmazonEC2,ap-south-1,snap-02dfd639bcb9a862b,0,0,0,0,0,0,0,26,3,K8sCronJob
cloudtuner-backup-20251114,Snapshot,AmazonEC2,ap-south-1,snap-0b56ae71f48777941,0,0,0,0,0,0,0,26,3,K8sCronJob
cloudtuner-backup-20251114,Snapshot,AmazonEC2,ap-south-1,snap-0c802bf7923fe7d04,0,0,0,0,0,0,0,26,3,K8sCronJob
cloudtuner-backup-20251114,Snapshot,AmazonEC2,ap-south-1,snap-0af7e9a8e9ad7d0bc,0,0,0,0,0,0,0,26,3,K8sCronJob
cloudtuner-backup-20251114,Snapshot,AmazonEC2,ap-south-1,snap-01a4b8a83cb5aaaf4,0,0,0,0,0,0,0,26,3,K8sCronJob
cloudtuner-backup-20251114,Snapshot,AmazonEC2,ap-south-1,snap-0b56ae71f48777941,0,0,0,0,0,0,0,26,3,K8sCronJob
cloudtuner-backup-20251114,Snapshot,AmazonEC2,ap-south-1,snap-0c802bf7923fe7d04,0,0,0,0,0,0,0,26,3,K8sCronJob
cloudtuner-backup-20251114,Snapshot,AmazonEC2,ap-south-1,snap-0af7e9a8e9ad7d0bc,0,0,0,0,0,0,0,26,3,K8sCronJob
cloudtuner-backup-20251114,Snapshot,AmazonEC2,ap-south-1,snap-01a4b8a83cb5aaaf4,0,0,0,0,0,0,0,26,3,K8sCronJob
cloudtuner-backup-20251114,Snapshot,AmazonEC2,ap-south-1,snap-0b56ae71f48777941,0,0,0,0,0,0,0,26,3,K8sCronJob
cloudtuner-backup-20251114,Snapshot,AmazonEC2,ap-south-1,snap-0c802bf7923fe7d04,0,0,0,0,0,0,0,26,3,K8sCronJob
cloudtuner-backup-20251114,Snapshot,AmazonEC2,ap-south-1,snap-0af7e9a8e9ad7d0bc,0,0,0,0,0,0,0,26,3,K8sCronJob
cloudtuner-backup-20251114,Snapshot,AmazonEC2,ap-south-1,snap-01a4b8a83cb5aaaf4,0,0,0,0,0,0,0,26,3,K8sCronJob
cloudtuner-backup-20251114,Snapshot,AmazonEC2,ap-south-1,snap-0b56ae71f48777941,0,0,0,0,0,0,0,26,3,K8sCronJob
cloudtuner-backup-20251114,Snapshot,AmazonEC2,ap-south-1,snap-0c802bf7923fe7d04,0,0,0,0,0,0,0,26,3,K8sCronJob
cloudtuner-backup-20251114,Snapshot,AmazonEC2,ap-south-1,snap-0af7e9a8e9ad7d0bc,0,0,0,0,0,0,0,26,3,K8sCronJob
cloudtuner-backup-20251114,Snapshot,AmazonEC2,ap-south-1,snap-01a4b8a83cb5aaaf4,0,0,0,0,0,0,0,26,3,K8sCronJob
testnet-explorer,Instance,AmazonEC2,ap-south-1,i-0b6f502be9633dd88,0,0,0,1,0,0,0,16,2,Bitviraj
testnet-explorer,Instance,AmazonEC2,ap-south-1,i-0b6f502be9633dd88,0,0,0,1,0,0,0,16,2,Bitviraj
testnet-explorer,Instance,AmazonEC2,ap-south-1,i-0b6f502be9633dd88,0,0,0,1,0,0,0,16,2,Bitviraj
testnet-explorer,Instance,AmazonEC2,ap-south-1,i-0b6f502be9633dd88,0,0,0,1,0,0,0,16,2,Bitviraj
cloudtuner-backup-20251115,Snapshot,AmazonEC2,ap-south-1,snap-0ac7dbecf7e5a8a20,0,0,0,0,0,0,0,26,3,K8sCronJob
cloudtuner-backup-20251115,Snapshot,AmazonEC2,ap-south-1,snap-0c26a9d707e493c50,0,0,0,0,0,0,0,26,3,K8sCronJob
cloudtuner-backup-20251115,Snapshot,AmazonEC2,ap-south-1,snap-0db075f38223fe1c6,0,0,0,0,0,0,0,26,3,K8sCronJob
cloudtuner-backup-20251115,Snapshot,AmazonEC2,ap-south-1,snap-06b0f872bd91e6b7a,0,0,0,0,0,0,0,26,3,K8sCronJob
cloudtuner-backup-20251115,Snapshot,AmazonEC2,ap-south-1,snap-0ac7dbecf7e5a8a20,0,0,0,0,0,0,0,26,3,K8sCronJob
cloudtuner-backup-20251115,Snapshot,AmazonEC2,ap-south-1,snap-0c26a9d707e493c50,0,0,0,0,0,0,0,26,3,K8sCronJob
cloudtuner-backup-20251115,Snapshot,AmazonEC2,ap-south-1,snap-0db075f38223fe1c6,0,0,0,0,0,0,0,26,3,K8sCronJob
cloudtuner-backup-20251115,Snapshot,AmazonEC2,ap-south-1,snap-06b0f872bd91e6b7a,0,0,0,0,0,0,0,26,3,K8sCronJob
cloudtuner-backup-20251115,Snapshot,AmazonEC2,ap-south-1,snap-0ac7dbecf7e5a8a20,0,0,0,0,0,0,0,26,3,K8sCronJob
cloudtuner-backup-20251115,Snapshot,AmazonEC2,ap-south-1,snap-0c26a9d707e493c50,0,0,0,0,0,0,0,26,3,K8sCronJob
cloudtuner-backup-20251115,Snapshot,AmazonEC2,ap-south-1,snap-0db075f38223fe1c6,0,0,0,0,0,0,0,26,3,K8sCronJob
cloudtuner-backup-20251115,Snapshot,AmazonEC2,ap-south-1,snap-06b0f872bd91e6b7a,0,0,0,0,0,0,0,26,3,K8sCronJob
cloudtuner-backup-20251115,Snapshot,AmazonEC2,ap-south-1,snap-0ac7dbecf7e5a8a20,0,0,0,0,0,0,0,26,3,K8sCronJob
cloudtuner-backup-20251115,Snapshot,AmazonEC2,ap-south-1,snap-0c26a9d707e493c50,0,0,0,0,0,0,0,26,3,K8sCronJob
cloudtuner-backup-20251115,Snapshot,AmazonEC2,ap-south-1,snap-0db075f38223fe1c6,0,0,0,0,0,0,0,26,3,K8sCronJob
cloudtuner-backup-20251115,Snapshot,AmazonEC2,ap-south-1,snap-06b0f872bd91e6b7a,0,0,0,0,0,0,0,26,3,K8sCronJob
cloudtuner-backup-20251116,Snapshot,AmazonEC2,ap-south-1,snap-0ff2dab32087f2665,0,0,0,0,0,0,0,26,3,K8sCronJob
cloudtuner-backup-20251116,Snapshot,AmazonEC2,ap-south-1,snap-00bd05902392cff9c,0,0,0,0,0,0,0,26,3,K8sCronJob
cloudtuner-backup-20251116,Snapshot,AmazonEC2,ap-south-1,snap-01ad6e20649799cef,0,0,0,0,0,0,0,26,3,K8sCronJob
cloudtuner-backup-20251116,Snapshot,AmazonEC2,ap-south-1,snap-0dac4166f9ea49cb9,0,0,0,0,0,0,0,26,3,K8sCronJob
cloudtuner-backup-20251116,Snapshot,AmazonEC2,ap-south-1,snap-0ff2dab32087f2665,0,0,0,0,0,0,0,26,3,K8sCronJob
cloudtuner-backup-20251116,Snapshot,AmazonEC2,ap-south-1,snap-00bd05902392cff9c,0,0,0,0,0,0,0,26,3,K8sCronJob
cloudtuner-backup-20251116,Snapshot,AmazonEC2,ap-south-1,snap-01ad6e20649799cef,0,0,0,0,0,0,0,26,3,K8sCronJob
cloudtuner-backup-20251116,Snapshot,AmazonEC2,ap-south-1,snap-0dac4166f9ea49cb9,0,0,0,0,0,0,0,26,3,K8sCronJob
cloudtuner-backup-20251116,Snapshot,AmazonEC2,ap-south-1,snap-0ff2dab32087f2665,0,0,0,0,0,0,0,26,3,K8sCronJob
cloudtuner-backup-20251116,Snapshot,AmazonEC2,ap-south-1,snap-00bd05902392cff9c,0,0,0,0,0,0,0,26,3,K8sCronJob
cloudtuner-backup-20251116,Snapshot,AmazonEC2,ap-south-1,snap-01ad6e20649799cef,0,0,0,0,0,0,0,26,3,K8sCronJob
cloudtuner-backup-20251116,Snapshot,AmazonEC2,ap-south-1,snap-0dac4166f9ea49cb9,0,0,0,0,0,0,0,26,3,K8sCronJob
cloudtuner-backup-20251116,Snapshot,AmazonEC2,ap-south-1,snap-0ff2dab32087f2665,0,0,0,0,0,0,0,26,3,K8sCronJob
cloudtuner-backup-20251116,Snapshot,AmazonEC2,ap-south-1,snap-00bd05902392cff9c,0,0,0,0,0,0,0,26,3,K8sCronJob
cloudtuner-backup-20251116,Snapshot,AmazonEC2,ap-south-1,snap-01ad6e20649799cef,0,0,0,0,0,0,0,26,3,K8sCronJob
cloudtuner-backup-20251116,Snapshot,AmazonEC2,ap-south-1,snap-0dac4166f9ea49cb9,0,0,0,0,0,0,0,26,3,K8sCronJob
cloudtuner-backup-20251117,Snapshot,AmazonEC2,ap-south-1,snap-0c8c05fae5b4f1774,0,0,0,0,0,0,0,26,3,K8sCronJob
cloudtuner-backup-20251117,Snapshot,AmazonEC2,ap-south-1,snap-05e51b013904d148c,0,0,0,0,0,0,0,26,3,K8sCronJob
cloudtuner-backup-20251117,Snapshot,AmazonEC2,ap-south-1,snap-032a66718b1dff62b,0,0,0,0,0,0,0,26,3,K8sCronJob
cloudtuner-backup-20251117,Snapshot,AmazonEC2,ap-south-1,snap-08ce4a8d6646d6a13,0,0,0,0,0,0,0,26,3,K8sCronJob
cloudtuner-backup-20251117,Snapshot,AmazonEC2,ap-south-1,snap-0c8c05fae5b4f1774,0,0,0,0,0,0,0,26,3,K8sCronJob
cloudtuner-backup-20251117,Snapshot,AmazonEC2,ap-south-1,snap-05e51b013904d148c,0,0,0,0,0,0,0,26,3,K8sCronJob
cloudtuner-backup-20251117,Snapshot,AmazonEC2,ap-south-1,snap-032a66718b1dff62b,0,0,0,0,0,0,0,26,3,K8sCronJob
cloudtuner-backup-20251117,Snapshot,AmazonEC2,ap-south-1,snap-08ce4a8d6646d6a13,0,0,0,0,0,0,0,26,3,K8sCronJob
cloudtuner-backup-20251117,Snapshot,AmazonEC2,ap-south-1,snap-0c8c05fae5b4f1774,0,0,0,0,0,0,0,26,3,K8sCronJob
cloudtuner-backup-20251117,Snapshot,AmazonEC2,ap-south-1,snap-05e51b013904d148c,0,0,0,0,0,0,0,26,3,K8sCronJob
cloudtuner-backup-20251117,Snapshot,AmazonEC2,ap-south-1,snap-032a66718b1dff62b,0,0,0,0,0,0,0,26,3,K8sCronJob
cloudtuner-backup-20251117,Snapshot,AmazonEC2,ap-south-1,snap-08ce4a8d6646d6a13,0,0,0,0,0,0,0,26,3,K8sCronJob
cloudtuner-backup-20251117,Snapshot,AmazonEC2,ap-south-1,snap-0c8c05fae5b4f1774,0,0,0,0,0,0,0,26,3,K8sCronJob
cloudtuner-backup-20251117,Snapshot,AmazonEC2,ap-south-1,snap-05e51b013904d148c,0,0,0,0,0,0,0,26,3,K8sCronJob
cloudtuner-backup-20251117,Snapshot,AmazonEC2,ap-south-1,snap-032a66718b1dff62b,0,0,0,0,0,0,0,26,3,K8sCronJob
cloudtuner-backup-20251117,Snapshot,AmazonEC2,ap-south-1,snap-08ce4a8d6646d6a13,0,0,0,0,0,0,0,26,3,K8sCronJob
cloudtuner-backup-20251118,Snapshot,AmazonEC2,ap-south-1,snap-0c7c192a4a1028106,0,0,0,0,0,0,0,26,3,K8sCronJob
cloudtuner-backup-20251118,Snapshot,AmazonEC2,ap-south-1,snap-0f3c7fb8661926b14,0,0,0,0,0,0,0,26,3,K8sCronJob
cloudtuner-backup-20251118,Snapshot,AmazonEC2,ap-south-1,snap-014082ddb21cdaade,0,0,0,0,0,0,0,26,3,K8sCronJob
cloudtuner-backup-20251118,Snapshot,AmazonEC2,ap-south-1,snap-0eeb4ece1f6013621,0,0,0,0,0,0,0,26,3,K8sCronJob
cloudtuner-backup-20251118,Snapshot,AmazonEC2,ap-south-1,snap-0c7c192a4a1028106,0,0,0,0,0,0,0,26,3,K8sCronJob
cloudtuner-backup-20251118,Snapshot,AmazonEC2,ap-south-1,snap-0f3c7fb8661926b14,0,0,0,0,0,0,0,26,3,K8sCronJob
cloudtuner-backup-20251118,Snapshot,AmazonEC2,ap-south-1,snap-014082ddb21cdaade,0,0,0,0,0,0,0,26,3,K8sCronJob
cloudtuner-backup-20251118,Snapshot,AmazonEC2,ap-south-1,snap-0eeb4ece1f6013621,0,0,0,0,0,0,0,26,3,K8sCronJob
cloudtuner-backup-20251118,Snapshot,AmazonEC2,ap-south-1,snap-0c7c192a4a1028106,0,0,0,0,0,0,0,26,3,K8sCronJob
cloudtuner-backup-20251118,Snapshot,AmazonEC2,ap-south-1,snap-0f3c7fb8661926b14,0,0,0,0,0,0,0,26,3,K8sCronJob
cloudtuner-backup-20251118,Snapshot,AmazonEC2,ap-south-1,snap-014082ddb21cdaade,0,0,0,0,0,0,0,26,3,K8sCronJob
cloudtuner-backup-20251118,Snapshot,AmazonEC2,ap-south-1,snap-0eeb4ece1f6013621,0,0,0,0,0,0,0,26,3,K8sCronJob
cloudtuner-backup-20251118,Snapshot,AmazonEC2,ap-south-1,snap-0c7c192a4a1028106,0,0,0,0,0,0,0,26,3,K8sCronJob
cloudtuner-backup-20251118,Snapshot,AmazonEC2,ap-south-1,snap-0f3c7fb8661926b14,0,0,0,0,0,0,0,26,3,K8sCronJob
cloudtuner-backup-20251118,Snapshot,AmazonEC2,ap-south-1,snap-014082ddb21cdaade,0,0,0,0,0,0,0,26,3,K8sCronJob
cloudtuner-backup-20251118,Snapshot,AmazonEC2,ap-south-1,snap-0eeb4ece1f6013621,0,0,0,0,0,0,0,26,3,K8sCronJob
cloudtuner-backup-20251119,Snapshot,AmazonEC2,ap-south-1,snap-0c024228064111325,0,0,0,0,0,0,0,26,3,K8sCronJob
cloudtuner-backup-20251119,Snapshot,AmazonEC2,ap-south-1,snap-086ecba4a5ea11ee5,0,0,0,0,0,0,0,26,3,K8sCronJob
cloudtuner-backup-20251119,Snapshot,AmazonEC2,ap-south-1,snap-071800948c1978bbd,0,0,0,0,0,0,0,26,3,K8sCronJob
cloudtuner-backup-20251119,Snapshot,AmazonEC2,ap-south-1,snap-0e3b840d675b67bf1,0,0,0,0,0,0,0,26,3,K8sCronJob
cloudtuner-backup-20251119,Snapshot,AmazonEC2,ap-south-1,snap-0c024228064111325,0,0,0,0,0,0,0,26,3,K8sCronJob
cloudtuner-backup-20251119,Snapshot,AmazonEC2,ap-south-1,snap-086ecba4a5ea11ee5,0,0,0,0,0,0,0,26,3,K8sCronJob
cloudtuner-backup-20251119,Snapshot,AmazonEC2,ap-south-1,snap-071800948c1978bbd,0,0,0,0,0,0,0,26,3,K8sCronJob
cloudtuner-backup-20251119,Snapshot,AmazonEC2,ap-south-1,snap-0e3b840d675b67bf1,0,0,0,0,0,0,0,26,3,K8sCronJob
cloudtuner-backup-20251119,Snapshot,AmazonEC2,ap-south-1,snap-0c024228064111325,0,0,0,0,0,0,0,26,3,K8sCronJob
cloudtuner-backup-20251119,Snapshot,AmazonEC2,ap-south-1,snap-086ecba4a5ea11ee5,0,0,0,0,0,0,0,26,3,K8sCronJob
cloudtuner-backup-20251119,Snapshot,AmazonEC2,ap-south-1,snap-071800948c1978bbd,0,0,0,0,0,0,0,26,3,K8sCronJob
cloudtuner-backup-20251119,Snapshot,AmazonEC2,ap-south-1,snap-0e3b840d675b67bf1,0,0,0,0,0,0,0,26,3,K8sCronJob
cloudtuner-backup-20251119,Snapshot,AmazonEC2,ap-south-1,snap-0c024228064111325,0,0,0,0,0,0,0,26,3,K8sCronJob
cloudtuner-backup-20251119,Snapshot,AmazonEC2,ap-south-1,snap-086ecba4a5ea11ee5,0,0,0,0,0,0,0,26,3,K8sCronJob
cloudtuner-backup-20251119,Snapshot,AmazonEC2,ap-south-1,snap-071800948c1978bbd,0,0,0,0,0,0,0,26,3,K8sCronJob
cloudtuner-backup-20251119,Snapshot,AmazonEC2,ap-south-1,snap-0e3b840d675b67bf1,0,0,0,0,0,0,0,26,3,K8sCronJob
cloudtuner-backup-20251120,Snapshot,AmazonEC2,ap-south-1,snap-0c4b9506b89bfa0e4,0,0,0,0,0,0,0,26,3,K8sCronJob
cloudtuner-backup-20251120,Snapshot,AmazonEC2,ap-south-1,snap-0aeb3045856dafd49,0,0,0,0,0,0,0,26,3,K8sCronJob
cloudtuner-backup-20251120,Snapshot,AmazonEC2,ap-south-1,snap-0d40922becdb9dbfe,0,0,0,0,0,0,0,26,3,K8sCronJob
cloudtuner-backup-20251120,Snapshot,AmazonEC2,ap-south-1,snap-0fd1082c5ca1354d5,0,0,0,0,0,0,0,26,3,K8sCronJob
cloudtuner-backup-20251120,Snapshot,AmazonEC2,ap-south-1,snap-0c4b9506b89bfa0e4,0,0,0,0,0,0,0,26,3,K8sCronJob
cloudtuner-backup-20251120,Snapshot,AmazonEC2,ap-south-1,snap-0aeb3045856dafd49,0,0,0,0,0,0,0,26,3,K8sCronJob
cloudtuner-backup-20251120,Snapshot,AmazonEC2,ap-south-1,snap-0d40922becdb9dbfe,0,0,0,0,0,0,0,26,3,K8sCronJob
cloudtuner-backup-20251120,Snapshot,AmazonEC2,ap-south-1,snap-0fd1082c5ca1354d5,0,0,0,0,0,0,0,26,3,K8sCronJob
cloudtuner-backup-20251120,Snapshot,AmazonEC2,ap-south-1,snap-0c4b9506b89bfa0e4,0,0,0,0,0,0,0,26,3,K8sCronJob
cloudtuner-backup-20251120,Snapshot,AmazonEC2,ap-south-1,snap-0aeb3045856dafd49,0,0,0,0,0,0,0,26,3,K8sCronJob
cloudtuner-backup-20251120,Snapshot,AmazonEC2,ap-south-1,snap-0d40922becdb9dbfe,0,0,0,0,0,0,0,26,3,K8sCronJob
cloudtuner-backup-20251120,Snapshot,AmazonEC2,ap-south-1,snap-0fd1082c5ca1354d5,0,0,0,0,0,0,0,26,3,K8sCronJob
cloudtuner-backup-20251120,Snapshot,AmazonEC2,ap-south-1,snap-0c4b9506b89bfa0e4,0,0,0,0,0,0,0,26,3,K8sCronJob
cloudtuner-backup-20251120,Snapshot,AmazonEC2,ap-south-1,snap-0aeb3045856dafd49,0,0,0,0,0,0,0,26,3,K8sCronJob
cloudtuner-backup-20251120,Snapshot,AmazonEC2,ap-south-1,snap-0d40922becdb9dbfe,0,0,0,0,0,0,0,26,3,K8sCronJob
cloudtuner-backup-20251120,Snapshot,AmazonEC2,ap-south-1,snap-0fd1082c5ca1354d5,0,0,0,0,0,0,0,26,3,K8sCronJob
cloudtuner-backup-20251121,Snapshot,AmazonEC2,ap-south-1,snap-08e1dc0eff44c82fb,0,0,0,0,0,0,0,26,3,K8sCronJob
cloudtuner-backup-20251121,Snapshot,AmazonEC2,ap-south-1,snap-01f2e0383f392c07f,0,0,0,0,0,0,0,26,3,K8sCronJob
cloudtuner-backup-20251121,Snapshot,AmazonEC2,ap-south-1,snap-0dbf23e76a7d16863,0,0,0,0,0,0,0,26,3,K8sCronJob
cloudtuner-backup-20251121,Snapshot,AmazonEC2,ap-south-1,snap-0a970744970e28913,0,0,0,0,0,0,0,26,3,K8sCronJob
cloudtuner-backup-20251121,Snapshot,AmazonEC2,ap-south-1,snap-08e1dc0eff44c82fb,0,0,0,0,0,0,0,26,3,K8sCronJob
cloudtuner-backup-20251121,Snapshot,AmazonEC2,ap-south-1,snap-01f2e0383f392c07f,0,0,0,0,0,0,0,26,3,K8sCronJob
cloudtuner-backup-20251121,Snapshot,AmazonEC2,ap-south-1,snap-0dbf23e76a7d16863,0,0,0,0,0,0,0,26,3,K8sCronJob
cloudtuner-backup-20251121,Snapshot,AmazonEC2,ap-south-1,snap-0a970744970e28913,0,0,0,0,0,0,0,26,3,K8sCronJob
cloudtuner-backup-20251121,Snapshot,AmazonEC2,ap-south-1,snap-08e1dc0eff44c82fb,0,0,0,0,0,0,0,26,3,K8sCronJob
cloudtuner-backup-20251121,Snapshot,AmazonEC2,ap-south-1,snap-01f2e0383f392c07f,0,0,0,0,0,0,0,26,3,K8sCronJob
cloudtuner-backup-20251121,Snapshot,AmazonEC2,ap-south-1,snap-0dbf23e76a7d16863,0,0,0,0,0,0,0,26,3,K8sCronJob
cloudtuner-backup-20251121,Snapshot,AmazonEC2,ap-south-1,snap-0a970744970e28913,0,0,0,0,0,0,0,26,3,K8sCronJob
cloudtuner-backup-20251121,Snapshot,AmazonEC2,ap-south-1,snap-08e1dc0eff44c82fb,0,0,0,0,0,0,0,26,3,K8sCronJob
cloudtuner-backup-20251121,Snapshot,AmazonEC2,ap-south-1,snap-01f2e0383f392c07f,0,0,0,0,0,0,0,26,3,K8sCronJob
cloudtuner-backup-20251121,Snapshot,AmazonEC2,ap-south-1,snap-0dbf23e76a7d16863,0,0,0,0,0,0,0,26,3,K8sCronJob
cloudtuner-backup-20251121,Snapshot,AmazonEC2,ap-south-1,snap-0a970744970e28913,0,0,0,0,0,0,0,26,3,K8sCronJob
cloudtuner-backup-20251122,Snapshot,AmazonEC2,ap-south-1,snap-0d24adf9ecc65156e,0,0,0,0,0,0,0,26,3,K8sCronJob
cloudtuner-backup-20251122,Snapshot,AmazonEC2,ap-south-1,snap-0bd35de01a64c6c3c,0,0,0,0,0,0,0,26,3,K8sCronJob
cloudtuner-backup-20251122,Snapshot,AmazonEC2,ap-south-1,snap-00da175223b308af5,0,0,0,0,0,0,0,26,3,K8sCronJob
cloudtuner-backup-20251122,Snapshot,AmazonEC2,ap-south-1,snap-0ad2b8b1ac39580ca,0,0,0,0,0,0,0,26,3,K8sCronJob
cloudtuner-backup-20251122,Snapshot,AmazonEC2,ap-south-1,snap-0d24adf9ecc65156e,0,0,0,0,0,0,0,26,3,K8sCronJob
cloudtuner-backup-20251122,Snapshot,AmazonEC2,ap-south-1,snap-0bd35de01a64c6c3c,0,0,0,0,0,0,0,26,3,K8sCronJob
cloudtuner-backup-20251122,Snapshot,AmazonEC2,ap-south-1,snap-00da175223b308af5,0,0,0,0,0,0,0,26,3,K8sCronJob
cloudtuner-backup-20251122,Snapshot,AmazonEC2,ap-south-1,snap-0ad2b8b1ac39580ca,0,0,0,0,0,0,0,26,3,K8sCronJob
cloudtuner-backup-20251122,Snapshot,AmazonEC2,ap-south-1,snap-0d24adf9ecc65156e,0,0,0,0,0,0,0,26,3,K8sCronJob
cloudtuner-backup-20251122,Snapshot,AmazonEC2,ap-south-1,snap-0bd35de01a64c6c3c,0,0,0,0,0,0,0,26,3,K8sCronJob
cloudtuner-backup-20251122,Snapshot,AmazonEC2,ap-south-1,snap-00da175223b308af5,0,0,0,0,0,0,0,26,3,K8sCronJob
cloudtuner-backup-20251122,Snapshot,AmazonEC2,ap-south-1,snap-0ad2b8b1ac39580ca,0,0,0,0,0,0,0,26,3,K8sCronJob
cloudtuner-backup-20251122,Snapshot,AmazonEC2,ap-south-1,snap-0d24adf9ecc65156e,0,0,0,0,0,0,0,26,3,K8sCronJob
cloudtuner-backup-20251122,Snapshot,AmazonEC2,ap-south-1,snap-0bd35de01a64c6c3c,0,0,0,0,0,0,0,26,3,K8sCronJob
cloudtuner-backup-20251122,Snapshot,AmazonEC2,ap-south-1,snap-00da175223b308af5,0,0,0,0,0,0,0,26,3,K8sCronJob
cloudtuner-backup-20251122,Snapshot,AmazonEC2,ap-south-1,snap-0ad2b8b1ac39580ca,0,0,0,0,0,0,0,26,3,K8sCronJob
cloudtuner-backup-20251123,Snapshot,AmazonEC2,ap-south-1,snap-0a1f78280eac1d38f,0,0,0,0,0,0,0,26,3,K8sCronJob
cloudtuner-backup-20251123,Snapshot,AmazonEC2,ap-south-1,snap-0ecd259e78699c3da,0,0,0,0,0,0,0,26,3,K8sCronJob
cloudtuner-backup-20251123,Snapshot,AmazonEC2,ap-south-1,snap-0619efb54209f79fa,0,0,0,0,0,0,0,26,3,K8sCronJob
cloudtuner-backup-20251123,Snapshot,AmazonEC2,ap-south-1,snap-00c31ffa0b19a5e45,0,0,0,0,0,0,0,26,3,K8sCronJob
cloudtuner-backup-20251123,Snapshot,AmazonEC2,ap-south-1,snap-0a1f78280eac1d38f,0,0,0,0,0,0,0,26,3,K8sCronJob
cloudtuner-backup-20251123,Snapshot,AmazonEC2,ap-south-1,snap-0ecd259e78699c3da,0,0,0,0,0,0,0,26,3,K8sCronJob
cloudtuner-backup-20251123,Snapshot,AmazonEC2,ap-south-1,snap-0619efb54209f79fa,0,0,0,0,0,0,0,26,3,K8sCronJob
cloudtuner-backup-20251123,Snapshot,AmazonEC2,ap-south-1,snap-00c31ffa0b19a5e45,0,0,0,0,0,0,0,26,3,K8sCronJob
cloudtuner-backup-20251123,Snapshot,AmazonEC2,ap-south-1,snap-0a1f78280eac1d38f,0,0,0,0,0,0,0,26,3,K8sCronJob
cloudtuner-backup-20251123,Snapshot,AmazonEC2,ap-south-1,snap-0ecd259e78699c3da,0,0,0,0,0,0,0,26,3,K8sCronJob
cloudtuner-backup-20251123,Snapshot,AmazonEC2,ap-south-1,snap-0619efb54209f79fa,0,0,0,0,0,0,0,26,3,K8sCronJob
cloudtuner-backup-20251123,Snapshot,AmazonEC2,ap-south-1,snap-00c31ffa0b19a5e45,0,0,0,0,0,0,0,26,3,K8sCronJob
cloudtuner-backup-20251123,Snapshot,AmazonEC2,ap-south-1,snap-0a1f78280eac1d38f,0,0,0,0,0,0,0,26,3,K8sCronJob
cloudtuner-backup-20251123,Snapshot,AmazonEC2,ap-south-1,snap-0ecd259e78699c3da,0,0,0,0,0,0,0,26,3,K8sCronJob
cloudtuner-backup-20251123,Snapshot,AmazonEC2,ap-south-1,snap-0619efb54209f79fa,0,0,0,0,0,0,0,26,3,K8sCronJob
cloudtuner-backup-20251123,Snapshot,AmazonEC2,ap-south-1,snap-00c31ffa0b19a5e45,0,0,0,0,0,0,0,26,3,K8sCronJob
cloudtuner-backup-20251124,Snapshot,AmazonEC2,ap-south-1,snap-035e58a26e82921b3,0,0,0,0,0,0,0,26,3,K8sCronJob
cloudtuner-backup-20251124,Snapshot,AmazonEC2,ap-south-1,snap-02ff909e05bec0d6a,0,0,0,0,0,0,0,26,3,K8sCronJob
cloudtuner-backup-20251124,Snapshot,AmazonEC2,ap-south-1,snap-08675f1294534bbdc,0,0,0,0,0,0,0,26,3,K8sCronJob
cloudtuner-backup-20251124,Snapshot,AmazonEC2,ap-south-1,snap-0b1f0c382ec5c9871,0,0,0,0,0,0,0,26,3,K8sCronJob
cloudtuner-backup-20251124,Snapshot,AmazonEC2,ap-south-1,snap-035e58a26e82921b3,0,0,0,0,0,0,0,26,3,K8sCronJob
cloudtuner-backup-20251124,Snapshot,AmazonEC2,ap-south-1,snap-02ff909e05bec0d6a,0,0,0,0,0,0,0,26,3,K8sCronJob
cloudtuner-backup-20251124,Snapshot,AmazonEC2,ap-south-1,snap-08675f1294534bbdc,0,0,0,0,0,0,0,26,3,K8sCronJob
cloudtuner-backup-20251124,Snapshot,AmazonEC2,ap-south-1,snap-0b1f0c382ec5c9871,0,0,0,0,0,0,0,26,3,K8sCronJob
cloudtuner-backup-20251124,Snapshot,AmazonEC2,ap-south-1,snap-035e58a26e82921b3,0,0,0,0,0,0,0,26,3,K8sCronJob
cloudtuner-backup-20251124,Snapshot,AmazonEC2,ap-south-1,snap-02ff909e05bec0d6a,0,0,0,0,0,0,0,26,3,K8sCronJob
cloudtuner-backup-20251124,Snapshot,AmazonEC2,ap-south-1,snap-08675f1294534bbdc,0,0,0,0,0,0,0,26,3,K8sCronJob
cloudtuner-backup-20251124,Snapshot,AmazonEC2,ap-south-1,snap-0b1f0c382ec5c9871,0,0,0,0,0,0,0,26,3,K8sCronJob
cloudtuner-backup-20251124,Snapshot,AmazonEC2,ap-south-1,snap-035e58a26e82921b3,0,0,0,0,0,0,0,26,3,K8sCronJob
cloudtuner-backup-20251124,Snapshot,AmazonEC2,ap-south-1,snap-02ff909e05bec0d6a,0,0,0,0,0,0,0,26,3,K8sCronJob
cloudtuner-backup-20251124,Snapshot,AmazonEC2,ap-south-1,snap-08675f1294534bbdc,0,0,0,0,0,0,0,26,3,K8sCronJob
cloudtuner-backup-20251124,Snapshot,AmazonEC2,ap-south-1,snap-0b1f0c382ec5c9871,0,0,0,0,0,0,0,26,3,K8sCronJob
cloudtuner-backup-20251125,Snapshot,AmazonEC2,ap-south-1,snap-0fae3bdfb21887e1d,0,0,0,0,0,0,0,26,3,K8sCronJob
cloudtuner-backup-20251125,Snapshot,AmazonEC2,ap-south-1,snap-01bf74ffca7e5b4e4,0,0,0,0,0,0,0,26,3,K8sCronJob
cloudtuner-backup-20251125,Snapshot,AmazonEC2,ap-south-1,snap-03d211a57b58662f5,0,0,0,0,0,0,0,26,3,K8sCronJob
cloudtuner-backup-20251125,Snapshot,AmazonEC2,ap-south-1,snap-0f83c47fafb654bc2,0,0,0,0,0,0,0,26,3,K8sCronJob
cloudtuner-backup-20251125,Snapshot,AmazonEC2,ap-south-1,snap-0fae3bdfb21887e1d,0,0,0,0,0,0,0,26,3,K8sCronJob
cloudtuner-backup-20251125,Snapshot,AmazonEC2,ap-south-1,snap-01bf74ffca7e5b4e4,0,0,0,0,0,0,0,26,3,K8sCronJob
cloudtuner-backup-20251125,Snapshot,AmazonEC2,ap-south-1,snap-03d211a57b58662f5,0,0,0,0,0,0,0,26,3,K8sCronJob
cloudtuner-backup-20251125,Snapshot,AmazonEC2,ap-south-1,snap-0f83c47fafb654bc2,0,0,0,0,0,0,0,26,3,K8sCronJob
cloudtuner-backup-20251125,Snapshot,AmazonEC2,ap-south-1,snap-0fae3bdfb21887e1d,0,0,0,0,0,0,0,26,3,K8sCronJob
cloudtuner-backup-20251125,Snapshot,AmazonEC2,ap-south-1,snap-01bf74ffca7e5b4e4,0,0,0,0,0,0,0,26,3,K8sCronJob
cloudtuner-backup-20251125,Snapshot,AmazonEC2,ap-south-1,snap-03d211a57b58662f5,0,0,0,0,0,0,0,26,3,K8sCronJob
cloudtuner-backup-20251125,Snapshot,AmazonEC2,ap-south-1,snap-0f83c47fafb654bc2,0,0,0,0,0,0,0,26,3,K8sCronJob
cloudtuner-backup-20251125,Snapshot,AmazonEC2,ap-south-1,snap-0fae3bdfb21887e1d,0,0,0,0,0,0,0,26,3,K8sCronJob
cloudtuner-backup-20251125,Snapshot,AmazonEC2,ap-south-1,snap-01bf74ffca7e5b4e4,0,0,0,0,0,0,0,26,3,K8sCronJob
cloudtuner-backup-20251125,Snapshot,AmazonEC2,ap-south-1,snap-03d211a57b58662f5,0,0,0,0,0,0,0,26,3,K8sCronJob
cloudtuner-backup-20251125,Snapshot,AmazonEC2,ap-south-1,snap-0f83c47fafb654bc2,0,0,0,0,0,0,0,26,3,K8sCronJob
cloudtuner-backup-20251126,Snapshot,AmazonEC2,ap-south-1,snap-0182fdf3686a61480,0,0,0,0,0,0,0,26,3,K8sCronJob
cloudtuner-backup-20251126,Snapshot,AmazonEC2,ap-south-1,snap-089ac5d073767a47a,0,0,0,0,0,0,0,26,3,K8sCronJob
cloudtuner-backup-20251126,Snapshot,AmazonEC2,ap-south-1,snap-073569341aab46086,0,0,0,0,0,0,0,26,3,K8sCronJob
cloudtuner-backup-20251126,Snapshot,AmazonEC2,ap-south-1,snap-0c3a7128960cc27ae,0,0,0,0,0,0,0,26,3,K8sCronJob
cloudtuner-backup-20251126,Snapshot,AmazonEC2,ap-south-1,snap-0182fdf3686a61480,0,0,0,0,0,0,0,26,3,K8sCronJob
cloudtuner-backup-20251126,Snapshot,AmazonEC2,ap-south-1,snap-089ac5d073767a47a,0,0,0,0,0,0,0,26,3,K8sCronJob
cloudtuner-backup-20251126,Snapshot,AmazonEC2,ap-south-1,snap-073569341aab46086,0,0,0,0,0,0,0,26,3,K8sCronJob
cloudtuner-backup-20251126,Snapshot,AmazonEC2,ap-south-1,snap-0c3a7128960cc27ae,0,0,0,0,0,0,0,26,3,K8sCronJob
cloudtuner-backup-20251126,Snapshot,AmazonEC2,ap-south-1,snap-0182fdf3686a61480,0,0,0,0,0,0,0,26,3,K8sCronJob
cloudtuner-backup-20251126,Snapshot,AmazonEC2,ap-south-1,snap-089ac5d073767a47a,0,0,0,0,0,0,0,26,3,K8sCronJob
cloudtuner-backup-20251126,Snapshot,AmazonEC2,ap-south-1,snap-073569341aab46086,0,0,0,0,0,0,0,26,3,K8sCronJob
cloudtuner-backup-20251126,Snapshot,AmazonEC2,ap-south-1,snap-0c3a7128960cc27ae,0,0,0,0,0,0,0,26,3,K8sCronJob
cloudtuner-backup-20251126,Snapshot,AmazonEC2,ap-south-1,snap-0182fdf3686a61480,0,0,0,0,0,0,0,26,3,K8sCronJob
cloudtuner-backup-20251126,Snapshot,AmazonEC2,ap-south-1,snap-089ac5d073767a47a,0,0,0,0,0,0,0,26,3,K8sCronJob
cloudtuner-backup-20251126,Snapshot,AmazonEC2,ap-south-1,snap-073569341aab46086,0,0,0,0,0,0,0,26,3,K8sCronJob
cloudtuner-backup-20251126,Snapshot,AmazonEC2,ap-south-1,snap-0c3a7128960cc27ae,0,0,0,0,0,0,0,26,3,K8sCronJob
prod-bulk-process,Instance,AmazonEC2,ap-south-1,i-007c4f61bb88a8898,1,0,0,0,0,0,0,17,3,ramaanand
prod-bulk-process,Instance,AmazonEC2,ap-south-1,i-007c4f61bb88a8898,1,0,0,0,0,0,0,17,3,ramaanand
prod-bulk-process,Instance,AmazonEC2,ap-south-1,i-007c4f61bb88a8898,1,0,0,0,0,0,0,17,3,ramaanand
prod-bulk-process,Instance,AmazonEC2,ap-south-1,i-007c4f61bb88a8898,1,0,0,0,0,0,0,17,3,ramaanand
cloudtuner-backup-20251127,Snapshot,AmazonEC2,ap-south-1,snap-075525656dc005b05,0,0,0,0,0,0,0,26,3,K8sCronJob
cloudtuner-backup-20251127,Snapshot,AmazonEC2,ap-south-1,snap-0fd2161cdfbfe1516,0,0,0,0,0,0,0,26,3,K8sCronJob
cloudtuner-backup-20251127,Snapshot,AmazonEC2,ap-south-1,snap-06761f9a6fc95371e,0,0,0,0,0,0,0,26,3,K8sCronJob
cloudtuner-backup-20251127,Snapshot,AmazonEC2,ap-south-1,snap-0142a13a8faf1a19f,0,0,0,0,0,0,0,26,3,K8sCronJob
cloudtuner-backup-20251127,Snapshot,AmazonEC2,ap-south-1,snap-075525656dc005b05,0,0,0,0,0,0,0,26,3,K8sCronJob
cloudtuner-backup-20251127,Snapshot,AmazonEC2,ap-south-1,snap-0fd2161cdfbfe1516,0,0,0,0,0,0,0,26,3,K8sCronJob
cloudtuner-backup-20251127,Snapshot,AmazonEC2,ap-south-1,snap-06761f9a6fc95371e,0,0,0,0,0,0,0,26,3,K8sCronJob
cloudtuner-backup-20251127,Snapshot,AmazonEC2,ap-south-1,snap-0142a13a8faf1a19f,0,0,0,0,0,0,0,26,3,K8sCronJob
cloudtuner-backup-20251127,Snapshot,AmazonEC2,ap-south-1,snap-075525656dc005b05,0,0,0,0,0,0,0,26,3,K8sCronJob
cloudtuner-backup-20251127,Snapshot,AmazonEC2,ap-south-1,snap-0fd2161cdfbfe1516,0,0,0,0,0,0,0,26,3,K8sCronJob
cloudtuner-backup-20251127,Snapshot,AmazonEC2,ap-south-1,snap-06761f9a6fc95371e,0,0,0,0,0,0,0,26,3,K8sCronJob
cloudtuner-backup-20251127,Snapshot,AmazonEC2,ap-south-1,snap-0142a13a8faf1a19f,0,0,0,0,0,0,0,26,3,K8sCronJob
cloudtuner-backup-20251127,Snapshot,AmazonEC2,ap-south-1,snap-075525656dc005b05,0,0,0,0,0,0,0,26,3,K8sCronJob
cloudtuner-backup-20251127,Snapshot,AmazonEC2,ap-south-1,snap-0fd2161cdfbfe1516,0,0,0,0,0,0,0,26,3,K8sCronJob
cloudtuner-backup-20251127,Snapshot,AmazonEC2,ap-south-1,snap-06761f9a6fc95371e,0,0,0,0,0,0,0,26,3,K8sCronJob
cloudtuner-backup-20251127,Snapshot,AmazonEC2,ap-south-1,snap-0142a13a8faf1a19f,0,0,0,0,0,0,0,26,3,K8sCronJob
cloudtuner-backup-20251128,Snapshot,AmazonEC2,ap-south-1,snap-0d2a5278f28fbf389,0,0,0,0,0,0,0,26,3,K8sCronJob
cloudtuner-backup-20251128,Snapshot,AmazonEC2,ap-south-1,snap-0db3b8f4f4d02bf34,0,0,0,0,0,0,0,26,3,K8sCronJob
cloudtuner-backup-20251128,Snapshot,AmazonEC2,ap-south-1,snap-0fcc346d9aec78c00,0,0,0,0,0,0,0,26,3,K8sCronJob
cloudtuner-backup-20251128,Snapshot,AmazonEC2,ap-south-1,snap-068f2efdc50def2d6,0,0,0,0,0,0,0,26,3,K8sCronJob
cloudtuner-backup-20251128,Snapshot,AmazonEC2,ap-south-1,snap-0d2a5278f28fbf389,0,0,0,0,0,0,0,26,3,K8sCronJob
cloudtuner-backup-20251128,Snapshot,AmazonEC2,ap-south-1,snap-0db3b8f4f4d02bf34,0,0,0,0,0,0,0,26,3,K8sCronJob
cloudtuner-backup-20251128,Snapshot,AmazonEC2,ap-south-1,snap-0fcc346d9aec78c00,0,0,0,0,0,0,0,26,3,K8sCronJob
cloudtuner-backup-20251128,Snapshot,AmazonEC2,ap-south-1,snap-068f2efdc50def2d6,0,0,0,0,0,0,0,26,3,K8sCronJob
cloudtuner-backup-20251128,Snapshot,AmazonEC2,ap-south-1,snap-0d2a5278f28fbf389,0,0,0,0,0,0,0,26,3,K8sCronJob
cloudtuner-backup-20251128,Snapshot,AmazonEC2,ap-south-1,snap-0db3b8f4f4d02bf34,0,0,0,0,0,0,0,26,3,K8sCronJob
cloudtuner-backup-20251128,Snapshot,AmazonEC2,ap-south-1,snap-0fcc346d9aec78c00,0,0,0,0,0,0,0,26,3,K8sCronJob
cloudtuner-backup-20251128,Snapshot,AmazonEC2,ap-south-1,snap-068f2efdc50def2d6,0,0,0,0,0,0,0,26,3,K8sCronJob
cloudtuner-backup-20251128,Snapshot,AmazonEC2,ap-south-1,snap-0d2a5278f28fbf389,0,0,0,0,0,0,0,26,3,K8sCronJob
cloudtuner-backup-20251128,Snapshot,AmazonEC2,ap-south-1,snap-0db3b8f4f4d02bf34,0,0,0,0,0,0,0,26,3,K8sCronJob
cloudtuner-backup-20251128,Snapshot,AmazonEC2,ap-south-1,snap-0fcc346d9aec78c00,0,0,0,0,0,0,0,26,3,K8sCronJob
cloudtuner-backup-20251128,Snapshot,AmazonEC2,ap-south-1,snap-068f2efdc50def2d6,0,0,0,0,0,0,0,26,3,K8sCronJob
cloudtuner-backup-20251129,Snapshot,AmazonEC2,ap-south-1,snap-0fd0779e290ba02b3,0,0,0,0,0,0,0,26,3,K8sCronJob
cloudtuner-backup-20251129,Snapshot,AmazonEC2,ap-south-1,snap-0c6a0a85bb58064dd,0,0,0,0,0,0,0,26,3,K8sCronJob
cloudtuner-backup-20251129,Snapshot,AmazonEC2,ap-south-1,snap-012418edf8bffb50a,0,0,0,0,0,0,0,26,3,K8sCronJob
cloudtuner-backup-20251129,Snapshot,AmazonEC2,ap-south-1,snap-08a5e49b81da191ba,0,0,0,0,0,0,0,26,3,K8sCronJob
cloudtuner-backup-20251129,Snapshot,AmazonEC2,ap-south-1,snap-0fd0779e290ba02b3,0,0,0,0,0,0,0,26,3,K8sCronJob
cloudtuner-backup-20251129,Snapshot,AmazonEC2,ap-south-1,snap-0c6a0a85bb58064dd,0,0,0,0,0,0,0,26,3,K8sCronJob
cloudtuner-backup-20251129,Snapshot,AmazonEC2,ap-south-1,snap-012418edf8bffb50a,0,0,0,0,0,0,0,26,3,K8sCronJob
cloudtuner-backup-20251129,Snapshot,AmazonEC2,ap-south-1,snap-08a5e49b81da191ba,0,0,0,0,0,0,0,26,3,K8sCronJob
cloudtuner-backup-20251129,Snapshot,AmazonEC2,ap-south-1,snap-0fd0779e290ba02b3,0,0,0,0,0,0,0,26,3,K8sCronJob
cloudtuner-backup-20251129,Snapshot,AmazonEC2,ap-south-1,snap-0c6a0a85bb58064dd,0,0,0,0,0,0,0,26,3,K8sCronJob
cloudtuner-backup-20251129,Snapshot,AmazonEC2,ap-south-1,snap-012418edf8bffb50a,0,0,0,0,0,0,0,26,3,K8sCronJob
cloudtuner-backup-20251129,Snapshot,AmazonEC2,ap-south-1,snap-08a5e49b81da191ba,0,0,0,0,0,0,0,26,3,K8sCronJob
cloudtuner-backup-20251129,Snapshot,AmazonEC2,ap-south-1,snap-0fd0779e290ba02b3,0,0,0,0,0,0,0,26,3,K8sCronJob
cloudtuner-backup-20251129,Snapshot,AmazonEC2,ap-south-1,snap-0c6a0a85bb58064dd,0,0,0,0,0,0,0,26,3,K8sCronJob
cloudtuner-backup-20251129,Snapshot,AmazonEC2,ap-south-1,snap-012418edf8bffb50a,0,0,0,0,0,0,0,26,3,K8sCronJob
cloudtuner-backup-20251129,Snapshot,AmazonEC2,ap-south-1,snap-08a5e49b81da191ba,0,0,0,0,0,0,0,26,3,K8sCronJob
cloudtuner-backup-20251130,Snapshot,AmazonEC2,ap-south-1,snap-0778742a4a3b89a07,0,0,0,0,0,0,0,26,3,K8sCronJob
cloudtuner-backup-20251130,Snapshot,AmazonEC2,ap-south-1,snap-0a004189cf20064c6,0,0,0,0,0,0,0,26,3,K8sCronJob
cloudtuner-backup-20251130,Snapshot,AmazonEC2,ap-south-1,snap-05e91779c465f2e08,0,0,0,0,0,0,0,26,3,K8sCronJob
cloudtuner-backup-20251130,Snapshot,AmazonEC2,ap-south-1,snap-037ac97e33c2c59fb,0,0,0,0,0,0,0,26,3,K8sCronJob
cloudtuner-backup-20251130,Snapshot,AmazonEC2,ap-south-1,snap-0778742a4a3b89a07,0,0,0,0,0,0,0,26,3,K8sCronJob
cloudtuner-backup-20251130,Snapshot,AmazonEC2,ap-south-1,snap-0a004189cf20064c6,0,0,0,0,0,0,0,26,3,K8sCronJob
cloudtuner-backup-20251130,Snapshot,AmazonEC2,ap-south-1,snap-05e91779c465f2e08,0,0,0,0,0,0,0,26,3,K8sCronJob
cloudtuner-backup-20251130,Snapshot,AmazonEC2,ap-south-1,snap-037ac97e33c2c59fb,0,0,0,0,0,0,0,26,3,K8sCronJob
cloudtuner-backup-20251130,Snapshot,AmazonEC2,ap-south-1,snap-0778742a4a3b89a07,0,0,0,0,0,0,0,26,3,K8sCronJob
cloudtuner-backup-20251130,Snapshot,AmazonEC2,ap-south-1,snap-0a004189cf20064c6,0,0,0,0,0,0,0,26,3,K8sCronJob
cloudtuner-backup-20251130,Snapshot,AmazonEC2,ap-south-1,snap-05e91779c465f2e08,0,0,0,0,0,0,0,26,3,K8sCronJob
cloudtuner-backup-20251130,Snapshot,AmazonEC2,ap-south-1,snap-037ac97e33c2c59fb,0,0,0,0,0,0,0,26,3,K8sCronJob
cloudtuner-backup-20251130,Snapshot,AmazonEC2,ap-south-1,snap-0778742a4a3b89a07,0,0,0,0,0,0,0,26,3,K8sCronJob
cloudtuner-backup-20251130,Snapshot,AmazonEC2,ap-south-1,snap-0a004189cf20064c6,0,0,0,0,0,0,0,26,3,K8sCronJob
cloudtuner-backup-20251130,Snapshot,AmazonEC2,ap-south-1,snap-05e91779c465f2e08,0,0,0,0,0,0,0,26,3,K8sCronJob
cloudtuner-backup-20251130,Snapshot,AmazonEC2,ap-south-1,snap-037ac97e33c2c59fb,0,0,0,0,0,0,0,26,3,K8sCronJob
cloudtuner-backup-20251201,Snapshot,AmazonEC2,ap-south-1,snap-015d9abcb0d6cb611,0,0,0,0,0,0,0,26,3,K8sCronJob
cloudtuner-backup-20251201,Snapshot,AmazonEC2,ap-south-1,snap-007b9ed4339847599,0,0,0,0,0,0,0,26,3,K8sCronJob
cloudtuner-backup-20251201,Snapshot,AmazonEC2,ap-south-1,snap-0db96e6b40f6fb010,0,0,0,0,0,0,0,26,3,K8sCronJob
cloudtuner-backup-20251201,Snapshot,AmazonEC2,ap-south-1,snap-0027220a7c6c6ba72,0,0,0,0,0,0,0,26,3,K8sCronJob
cloudtuner-backup-20251201,Snapshot,AmazonEC2,ap-south-1,snap-015d9abcb0d6cb611,0,0,0,0,0,0,0,26,3,K8sCronJob
cloudtuner-backup-20251201,Snapshot,AmazonEC2,ap-south-1,snap-007b9ed4339847599,0,0,0,0,0,0,0,26,3,K8sCronJob
cloudtuner-backup-20251201,Snapshot,AmazonEC2,ap-south-1,snap-0db96e6b40f6fb010,0,0,0,0,0,0,0,26,3,K8sCronJob
cloudtuner-backup-20251201,Snapshot,AmazonEC2,ap-south-1,snap-0027220a7c6c6ba72,0,0,0,0,0,0,0,26,3,K8sCronJob
cloudtuner-backup-20251201,Snapshot,AmazonEC2,ap-south-1,snap-015d9abcb0d6cb611,0,0,0,0,0,0,0,26,3,K8sCronJob
cloudtuner-backup-20251201,Snapshot,AmazonEC2,ap-south-1,snap-007b9ed4339847599,0,0,0,0,0,0,0,26,3,K8sCronJob
cloudtuner-backup-20251201,Snapshot,AmazonEC2,ap-south-1,snap-0db96e6b40f6fb010,0,0,0,0,0,0,0,26,3,K8sCronJob
cloudtuner-backup-20251201,Snapshot,AmazonEC2,ap-south-1,snap-0027220a7c6c6ba72,0,0,0,0,0,0,0,26,3,K8sCronJob
cloudtuner-backup-20251201,Snapshot,AmazonEC2,ap-south-1,snap-015d9abcb0d6cb611,0,0,0,0,0,0,0,26,3,K8sCronJob
cloudtuner-backup-20251201,Snapshot,AmazonEC2,ap-south-1,snap-007b9ed4339847599,0,0,0,0,0,0,0,26,3,K8sCronJob
cloudtuner-backup-20251201,Snapshot,AmazonEC2,ap-south-1,snap-0db96e6b40f6fb010,0,0,0,0,0,0,0,26,3,K8sCronJob
cloudtuner-backup-20251201,Snapshot,AmazonEC2,ap-south-1,snap-0027220a7c6c6ba72,0,0,0,0,0,0,0,26,3,K8sCronJob
cloudtuner-backup-20251202,Snapshot,AmazonEC2,ap-south-1,snap-073e3987cb4d2e982,0,0,0,0,0,0,0,26,3,K8sCronJob
cloudtuner-backup-20251202,Snapshot,,ap-south-1,snap-0e686b064fedff152,0,0,0,0,0,0,0,26,3,K8sCronJob
cloudtuner-backup-20251202,Snapshot,AmazonEC2,ap-south-1,snap-07bcbac87fbea229e,0,0,0,0,0,0,0,26,3,K8sCronJob
cloudtuner-backup-20251202,Snapshot,AmazonEC2,ap-south-1,snap-09e64dcbf0d5629d7,0,0,0,0,0,0,0,26,3,K8sCronJob
cloudtuner-backup-20251202,Snapshot,AmazonEC2,ap-south-1,snap-073e3987cb4d2e982,0,0,0,0,0,0,0,26,3,K8sCronJob
cloudtuner-backup-20251202,Snapshot,,ap-south-1,snap-0e686b064fedff152,0,0,0,0,0,0,0,26,3,K8sCronJob
cloudtuner-backup-20251202,Snapshot,AmazonEC2,ap-south-1,snap-07bcbac87fbea229e,0,0,0,0,0,0,0,26,3,K8sCronJob
cloudtuner-backup-20251202,Snapshot,AmazonEC2,ap-south-1,snap-09e64dcbf0d5629d7,0,0,0,0,0,0,0,26,3,K8sCronJob
cloudtuner-backup-20251202,Snapshot,AmazonEC2,ap-south-1,snap-073e3987cb4d2e982,0,0,0,0,0,0,0,26,3,K8sCronJob
cloudtuner-backup-20251202,Snapshot,,ap-south-1,snap-0e686b064fedff152,0,0,0,0,0,0,0,26,3,K8sCronJob
cloudtuner-backup-20251202,Snapshot,AmazonEC2,ap-south-1,snap-07bcbac87fbea229e,0,0,0,0,0,0,0,26,3,K8sCronJob
cloudtuner-backup-20251202,Snapshot,AmazonEC2,ap-south-1,snap-09e64dcbf0d5629d7,0,0,0,0,0,0,0,26,3,K8sCronJob
cloudtuner-backup-20251202,Snapshot,AmazonEC2,ap-south-1,snap-073e3987cb4d2e982,0,0,0,0,0,0,0,26,3,K8sCronJob
cloudtuner-backup-20251202,Snapshot,,ap-south-1,snap-0e686b064fedff152,0,0,0,0,0,0,0,26,3,K8sCronJob
cloudtuner-backup-20251202,Snapshot,AmazonEC2,ap-south-1,snap-07bcbac87fbea229e,0,0,0,0,0,0,0,26,3,K8sCronJob
cloudtuner-backup-20251202,Snapshot,AmazonEC2,ap-south-1,snap-09e64dcbf0d5629d7,0,0,0,0,0,0,0,26,3,K8sCronJob
cloudtuner-backup-20251203,Snapshot,AmazonEC2,ap-south-1,snap-0039b43f5ae758c89,0,0,0,0,0,0,0,26,3,K8sCronJob
cloudtuner-backup-20251203,Snapshot,,ap-south-1,snap-08189f236e9d04958,0,0,0,0,0,0,0,26,3,K8sCronJob
cloudtuner-backup-20251203,Snapshot,AmazonEC2,ap-south-1,snap-06d163cc2b0e78d74,0,0,0,0,0,0,0,26,3,K8sCronJob
cloudtuner-backup-20251203,Snapshot,AmazonEC2,ap-south-1,snap-06adc1e40e017efb8,0,0,0,0,0,0,0,26,3,K8sCronJob
cloudtuner-backup-20251203,Snapshot,AmazonEC2,ap-south-1,snap-0039b43f5ae758c89,0,0,0,0,0,0,0,26,3,K8sCronJob
cloudtuner-backup-20251203,Snapshot,,ap-south-1,snap-08189f236e9d04958,0,0,0,0,0,0,0,26,3,K8sCronJob
cloudtuner-backup-20251203,Snapshot,AmazonEC2,ap-south-1,snap-06d163cc2b0e78d74,0,0,0,0,0,0,0,26,3,K8sCronJob
cloudtuner-backup-20251203,Snapshot,AmazonEC2,ap-south-1,snap-06adc1e40e017efb8,0,0,0,0,0,0,0,26,3,K8sCronJob
cloudtuner-backup-20251203,Snapshot,AmazonEC2,ap-south-1,snap-0039b43f5ae758c89,0,0,0,0,0,0,0,26,3,K8sCronJob
cloudtuner-backup-20251203,Snapshot,,ap-south-1,snap-08189f236e9d04958,0,0,0,0,0,0,0,26,3,K8sCronJob
cloudtuner-backup-20251203,Snapshot,AmazonEC2,ap-south-1,snap-06d163cc2b0e78d74,0,0,0,0,0,0,0,26,3,K8sCronJob
cloudtuner-backup-20251203,Snapshot,AmazonEC2,ap-south-1,snap-06adc1e40e017efb8,0,0,0,0,0,0,0,26,3,K8sCronJob
cloudtuner-backup-20251203,Snapshot,AmazonEC2,ap-south-1,snap-0039b43f5ae758c89,0,0,0,0,0,0,0,26,3,K8sCronJob
cloudtuner-backup-20251203,Snapshot,,ap-south-1,snap-08189f236e9d04958,0,0,0,0,0,0,0,26,3,K8sCronJob
cloudtuner-backup-20251203,Snapshot,AmazonEC2,ap-south-1,snap-06d163cc2b0e78d74,0,0,0,0,0,0,0,26,3,K8sCronJob
cloudtuner-backup-20251203,Snapshot,AmazonEC2,ap-south-1,snap-06adc1e40e017efb8,0,0,0,0,0,0,0,26,3,K8sCronJob
cloudtuner-backup-20251204,Snapshot,AmazonEC2,ap-south-1,snap-0b866b39b7d6600cf,0,0,0,0,0,0,0,26,3,K8sCronJob
cloudtuner-backup-20251204,Snapshot,AmazonEC2,ap-south-1,snap-0bf33cb791ebe6017,0,0,0,0,0,0,0,26,3,K8sCronJob
cloudtuner-backup-20251204,Snapshot,,ap-south-1,snap-03393560eef8c500c,0,0,0,0,0,0,0,26,3,K8sCronJob
cloudtuner-backup-20251204,Snapshot,AmazonEC2,ap-south-1,snap-04d746f56f442d2ef,0,0,0,0,0,0,0,26,3,K8sCronJob
cloudtuner-backup-20251204,Snapshot,AmazonEC2,ap-south-1,snap-0b866b39b7d6600cf,0,0,0,0,0,0,0,26,3,K8sCronJob
cloudtuner-backup-20251204,Snapshot,AmazonEC2,ap-south-1,snap-0bf33cb791ebe6017,0,0,0,0,0,0,0,26,3,K8sCronJob
cloudtuner-backup-20251204,Snapshot,,ap-south-1,snap-03393560eef8c500c,0,0,0,0,0,0,0,26,3,K8sCronJob
cloudtuner-backup-20251204,Snapshot,AmazonEC2,ap-south-1,snap-04d746f56f442d2ef,0,0,0,0,0,0,0,26,3,K8sCronJob
cloudtuner-backup-20251204,Snapshot,AmazonEC2,ap-south-1,snap-0b866b39b7d6600cf,0,0,0,0,0,0,0,26,3,K8sCronJob
cloudtuner-backup-20251204,Snapshot,AmazonEC2,ap-south-1,snap-0bf33cb791ebe6017,0,0,0,0,0,0,0,26,3,K8sCronJob
cloudtuner-backup-20251204,Snapshot,,ap-south-1,snap-03393560eef8c500c,0,0,0,0,0,0,0,26,3,K8sCronJob
cloudtuner-backup-20251204,Snapshot,AmazonEC2,ap-south-1,snap-04d746f56f442d2ef,0,0,0,0,0,0,0,26,3,K8sCronJob
cloudtuner-backup-20251204,Snapshot,AmazonEC2,ap-south-1,snap-0b866b39b7d6600cf,0,0,0,0,0,0,0,26,3,K8sCronJob
cloudtuner-backup-20251204,Snapshot,AmazonEC2,ap-south-1,snap-0bf33cb791ebe6017,0,0,0,0,0,0,0,26,3,K8sCronJob
cloudtuner-backup-20251204,Snapshot,,ap-south-1,snap-03393560eef8c500c,0,0,0,0,0,0,0,26,3,K8sCronJob
cloudtuner-backup-20251204,Snapshot,AmazonEC2,ap-south-1,snap-04d746f56f442d2ef,0,0,0,0,0,0,0,26,3,K8sCronJob
cloudtuner-backup-20251205,Snapshot,AmazonEC2,ap-south-1,snap-0d901d983693dbe91,0,0,0,0,0,0,0,26,3,K8sCronJob
cloudtuner-backup-20251205,Snapshot,AmazonEC2,ap-south-1,snap-03a333786d0856278,0,0,0,0,0,0,0,26,3,K8sCronJob
cloudtuner-backup-20251205,Snapshot,,ap-south-1,snap-0264ba1cd1bec947a,0,0,0,0,0,0,0,26,3,K8sCronJob
cloudtuner-backup-20251205,Snapshot,AmazonEC2,ap-south-1,snap-065384cdba342f268,0,0,0,0,0,0,0,26,3,K8sCronJob
cloudtuner-backup-20251205,Snapshot,AmazonEC2,ap-south-1,snap-0d901d983693dbe91,0,0,0,0,0,0,0,26,3,K8sCronJob
cloudtuner-backup-20251205,Snapshot,AmazonEC2,ap-south-1,snap-03a333786d0856278,0,0,0,0,0,0,0,26,3,K8sCronJob
cloudtuner-backup-20251205,Snapshot,,ap-south-1,snap-0264ba1cd1bec947a,0,0,0,0,0,0,0,26,3,K8sCronJob
cloudtuner-backup-20251205,Snapshot,AmazonEC2,ap-south-1,snap-065384cdba342f268,0,0,0,0,0,0,0,26,3,K8sCronJob
cloudtuner-backup-20251205,Snapshot,AmazonEC2,ap-south-1,snap-0d901d983693dbe91,0,0,0,0,0,0,0,26,3,K8sCronJob
cloudtuner-backup-20251205,Snapshot,AmazonEC2,ap-south-1,snap-03a333786d0856278,0,0,0,0,0,0,0,26,3,K8sCronJob
cloudtuner-backup-20251205,Snapshot,,ap-south-1,snap-0264ba1cd1bec947a,0,0,0,0,0,0,0,26,3,K8sCronJob
cloudtuner-backup-20251205,Snapshot,AmazonEC2,ap-south-1,snap-065384cdba342f268,0,0,0,0,0,0,0,26,3,K8sCronJob
cloudtuner-backup-20251205,Snapshot,AmazonEC2,ap-south-1,snap-0d901d983693dbe91,0,0,0,0,0,0,0,26,3,K8sCronJob
cloudtuner-backup-20251205,Snapshot,AmazonEC2,ap-south-1,snap-03a333786d0856278,0,0,0,0,0,0,0,26,3,K8sCronJob
cloudtuner-backup-20251205,Snapshot,,ap-south-1,snap-0264ba1cd1bec947a,0,0,0,0,0,0,0,26,3,K8sCronJob
cloudtuner-backup-20251205,Snapshot,AmazonEC2,ap-south-1,snap-065384cdba342f268,0,0,0,0,0,0,0,26,3,K8sCronJob
cloudtuner-backup-20251206,Snapshot,AmazonEC2,ap-south-1,snap-05737209e855cd62b,0,0,0,0,0,0,0,26,3,K8sCronJob
cloudtuner-backup-20251206,Snapshot,,ap-south-1,snap-064bead989b410d05,0,0,0,0,0,0,0,26,3,K8sCronJob
cloudtuner-backup-20251206,Snapshot,AmazonEC2,ap-south-1,snap-099bd22a42f5f380a,0,0,0,0,0,0,0,26,3,K8sCronJob
cloudtuner-backup-20251206,Snapshot,AmazonEC2,ap-south-1,snap-0d5048b86e0a5863f,0,0,0,0,0,0,0,26,3,K8sCronJob
cloudtuner-backup-20251206,Snapshot,AmazonEC2,ap-south-1,snap-05737209e855cd62b,0,0,0,0,0,0,0,26,3,K8sCronJob
cloudtuner-backup-20251206,Snapshot,,ap-south-1,snap-064bead989b410d05,0,0,0,0,0,0,0,26,3,K8sCronJob
cloudtuner-backup-20251206,Snapshot,AmazonEC2,ap-south-1,snap-099bd22a42f5f380a,0,0,0,0,0,0,0,26,3,K8sCronJob
cloudtuner-backup-20251206,Snapshot,AmazonEC2,ap-south-1,snap-0d5048b86e0a5863f,0,0,0,0,0,0,0,26,3,K8sCronJob
cloudtuner-backup-20251206,Snapshot,AmazonEC2,ap-south-1,snap-05737209e855cd62b,0,0,0,0,0,0,0,26,3,K8sCronJob
cloudtuner-backup-20251206,Snapshot,,ap-south-1,snap-064bead989b410d05,0,0,0,0,0,0,0,26,3,K8sCronJob
cloudtuner-backup-20251206,Snapshot,AmazonEC2,ap-south-1,snap-099bd22a42f5f380a,0,0,0,0,0,0,0,26,3,K8sCronJob
cloudtuner-backup-20251206,Snapshot,AmazonEC2,ap-south-1,snap-0d5048b86e0a5863f,0,0,0,0,0,0,0,26,3,K8sCronJob
cloudtuner-backup-20251206,Snapshot,AmazonEC2,ap-south-1,snap-05737209e855cd62b,0,0,0,0,0,0,0,26,3,K8sCronJob
cloudtuner-backup-20251206,Snapshot,,ap-south-1,snap-064bead989b410d05,0,0,0,0,0,0,0,26,3,K8sCronJob
cloudtuner-backup-20251206,Snapshot,AmazonEC2,ap-south-1,snap-099bd22a42f5f380a,0,0,0,0,0,0,0,26,3,K8sCronJob
cloudtuner-backup-20251206,Snapshot,AmazonEC2,ap-south-1,snap-0d5048b86e0a5863f,0,0,0,0,0,0,0,26,3,K8sCronJob
cloudtuner-backup-20251207,Snapshot,AmazonEC2,ap-south-1,snap-03fab8cd11c21b2aa,0,0,0,0,0,0,0,26,3,K8sCronJob
cloudtuner-backup-20251207,Snapshot,,ap-south-1,snap-0b52e5c22470458c7,0,0,0,0,0,0,0,26,3,K8sCronJob
cloudtuner-backup-20251207,Snapshot,AmazonEC2,ap-south-1,snap-0263ecc3386795dae,0,0,0,0,0,0,0,26,3,K8sCronJob
cloudtuner-backup-20251207,Snapshot,AmazonEC2,ap-south-1,snap-093b76065358fae1e,0,0,0,0,0,0,0,26,3,K8sCronJob
cloudtuner-backup-20251207,Snapshot,AmazonEC2,ap-south-1,snap-03fab8cd11c21b2aa,0,0,0,0,0,0,0,26,3,K8sCronJob
cloudtuner-backup-20251207,Snapshot,,ap-south-1,snap-0b52e5c22470458c7,0,0,0,0,0,0,0,26,3,K8sCronJob
cloudtuner-backup-20251207,Snapshot,AmazonEC2,ap-south-1,snap-0263ecc3386795dae,0,0,0,0,0,0,0,26,3,K8sCronJob
cloudtuner-backup-20251207,Snapshot,AmazonEC2,ap-south-1,snap-093b76065358fae1e,0,0,0,0,0,0,0,26,3,K8sCronJob
cloudtuner-backup-20251207,Snapshot,AmazonEC2,ap-south-1,snap-03fab8cd11c21b2aa,0,0,0,0,0,0,0,26,3,K8sCronJob
cloudtuner-backup-20251207,Snapshot,,ap-south-1,snap-0b52e5c22470458c7,0,0,0,0,0,0,0,26,3,K8sCronJob
cloudtuner-backup-20251207,Snapshot,AmazonEC2,ap-south-1,snap-0263ecc3386795dae,0,0,0,0,0,0,0,26,3,K8sCronJob
cloudtuner-backup-20251207,Snapshot,AmazonEC2,ap-south-1,snap-093b76065358fae1e,0,0,0,0,0,0,0,26,3,K8sCronJob
cloudtuner-backup-20251207,Snapshot,AmazonEC2,ap-south-1,snap-03fab8cd11c21b2aa,0,0,0,0,0,0,0,26,3,K8sCronJob
cloudtuner-backup-20251207,Snapshot,,ap-south-1,snap-0b52e5c22470458c7,0,0,0,0,0,0,0,26,3,K8sCronJob
cloudtuner-backup-20251207,Snapshot,AmazonEC2,ap-south-1,snap-0263ecc3386795dae,0,0,0,0,0,0,0,26,3,K8sCronJob
cloudtuner-backup-20251207,Snapshot,AmazonEC2,ap-south-1,snap-093b76065358fae1e,0,0,0,0,0,0,0,26,3,K8sCronJob
cloudtuner-backup-20251208,Snapshot,AmazonEC2,ap-south-1,snap-076bb42509546bac1,0,0,0,0,0,0,0,26,3,K8sCronJob
cloudtuner-backup-20251208,Snapshot,,ap-south-1,snap-0b04d728dba60f691,0,0,0,0,0,0,0,26,3,K8sCronJob
cloudtuner-backup-20251208,Snapshot,AmazonEC2,ap-south-1,snap-0fdad67025cf561eb,0,0,0,0,0,0,0,26,3,K8sCronJob
cloudtuner-backup-20251208,Snapshot,AmazonEC2,ap-south-1,snap-0bdc6bced2fdeaab0,0,0,0,0,0,0,0,26,3,K8sCronJob
cloudtuner-backup-20251208,Snapshot,AmazonEC2,ap-south-1,snap-076bb42509546bac1,0,0,0,0,0,0,0,26,3,K8sCronJob
cloudtuner-backup-20251208,Snapshot,,ap-south-1,snap-0b04d728dba60f691,0,0,0,0,0,0,0,26,3,K8sCronJob
cloudtuner-backup-20251208,Snapshot,AmazonEC2,ap-south-1,snap-0fdad67025cf561eb,0,0,0,0,0,0,0,26,3,K8sCronJob
cloudtuner-backup-20251208,Snapshot,AmazonEC2,ap-south-1,snap-0bdc6bced2fdeaab0,0,0,0,0,0,0,0,26,3,K8sCronJob
cloudtuner-backup-20251208,Snapshot,AmazonEC2,ap-south-1,snap-076bb42509546bac1,0,0,0,0,0,0,0,26,3,K8sCronJob
cloudtuner-backup-20251208,Snapshot,,ap-south-1,snap-0b04d728dba60f691,0,0,0,0,0,0,0,26,3,K8sCronJob
cloudtuner-backup-20251208,Snapshot,AmazonEC2,ap-south-1,snap-0fdad67025cf561eb,0,0,0,0,0,0,0,26,3,K8sCronJob
cloudtuner-backup-20251208,Snapshot,AmazonEC2,ap-south-1,snap-0bdc6bced2fdeaab0,0,0,0,0,0,0,0,26,3,K8sCronJob
cloudtuner-backup-20251208,Snapshot,AmazonEC2,ap-south-1,snap-076bb42509546bac1,0,0,0,0,0,0,0,26,3,K8sCronJob
cloudtuner-backup-20251208,Snapshot,,ap-south-1,snap-0b04d728dba60f691,0,0,0,0,0,0,0,26,3,K8sCronJob
cloudtuner-backup-20251208,Snapshot,AmazonEC2,ap-south-1,snap-0fdad67025cf561eb,0,0,0,0,0,0,0,26,3,K8sCronJob
cloudtuner-backup-20251208,Snapshot,AmazonEC2,ap-south-1,snap-0bdc6bced2fdeaab0,0,0,0,0,0,0,0,26,3,K8sCronJob
cloudtuner-backup-20251209,Snapshot,,ap-south-1,snap-0eff516fbad0251ec,0,0,0,0,0,0,0,26,3,K8sCronJob
cloudtuner-backup-20251209,Snapshot,,ap-south-1,snap-029a105fabe55bb95,0,0,0,0,0,0,0,26,3,K8sCronJob
cloudtuner-backup-20251209,Snapshot,,ap-south-1,snap-090220699a6ec6f01,0,0,0,0,0,0,0,26,3,K8sCronJob
cloudtuner-backup-20251209,Snapshot,,ap-south-1,snap-07d7fabfd7e27de0d,0,0,0,0,0,0,0,26,3,K8sCronJob
cloudtuner-backup-20251209,Snapshot,,ap-south-1,snap-0eff516fbad0251ec,0,0,0,0,0,0,0,26,3,K8sCronJob
cloudtuner-backup-20251209,Snapshot,,ap-south-1,snap-029a105fabe55bb95,0,0,0,0,0,0,0,26,3,K8sCronJob
cloudtuner-backup-20251209,Snapshot,,ap-south-1,snap-090220699a6ec6f01,0,0,0,0,0,0,0,26,3,K8sCronJob
cloudtuner-backup-20251209,Snapshot,,ap-south-1,snap-07d7fabfd7e27de0d,0,0,0,0,0,0,0,26,3,K8sCronJob
cloudtuner-backup-20251209,Snapshot,,ap-south-1,snap-0eff516fbad0251ec,0,0,0,0,0,0,0,26,3,K8sCronJob
cloudtuner-backup-20251209,Snapshot,,ap-south-1,snap-029a105fabe55bb95,0,0,0,0,0,0,0,26,3,K8sCronJob
cloudtuner-backup-20251209,Snapshot,,ap-south-1,snap-090220699a6ec6f01,0,0,0,0,0,0,0,26,3,K8sCronJob
cloudtuner-backup-20251209,Snapshot,,ap-south-1,snap-07d7fabfd7e27de0d,0,0,0,0,0,0,0,26,3,K8sCronJob
cloudtuner-backup-20251209,Snapshot,,ap-south-1,snap-0eff516fbad0251ec,0,0,0,0,0,0,0,26,3,K8sCronJob
cloudtuner-backup-20251209,Snapshot,,ap-south-1,snap-029a105fabe55bb95,0,0,0,0,0,0,0,26,3,K8sCronJob
cloudtuner-backup-20251209,Snapshot,,ap-south-1,snap-090220699a6ec6f01,0,0,0,0,0,0,0,26,3,K8sCronJob
cloudtuner-backup-20251209,Snapshot,,ap-south-1,snap-07d7fabfd7e27de0d,0,0,0,0,0,0,0,26,3,K8sCronJob
prod-invi-read-frontend-v1,Instance,AmazonEC2,ap-south-1,i-0982a45a192aa33bc,1,0,0,0,0,0,0,26,5,Ramanand
prod-invi-read-frontend-v1,Instance,AmazonEC2,ap-south-1,i-0982a45a192aa33bc,1,0,0,0,0,0,0,26,5,Ramanand
prod-invi-read-frontend-v1,Instance,AmazonEC2,ap-south-1,i-0982a45a192aa33bc,1,0,0,0,0,0,0,26,5,Ramanand
prod-invi-read-frontend-v1,Instance,AmazonEC2,ap-south-1,i-0982a45a192aa33bc,1,0,0,0,0,0,0,26,5,Ramanand
cloudtuner-backup-20251210,Snapshot,,ap-south-1,snap-0536a86ecf03d906a,0,0,0,0,0,0,0,26,3,K8sCronJob
cloudtuner-backup-20251210,Snapshot,,ap-south-1,snap-03251393537fc9d33,0,0,0,0,0,0,0,26,3,K8sCronJob
cloudtuner-backup-20251210,Snapshot,,ap-south-1,snap-00f3713938ba251a7,0,0,0,0,0,0,0,26,3,K8sCronJob
cloudtuner-backup-20251210,Snapshot,,ap-south-1,snap-0ed07d9a401db8e4b,0,0,0,0,0,0,0,26,3,K8sCronJob
cloudtuner-backup-20251210,Snapshot,,ap-south-1,snap-0536a86ecf03d906a,0,0,0,0,0,0,0,26,3,K8sCronJob
cloudtuner-backup-20251210,Snapshot,,ap-south-1,snap-03251393537fc9d33,0,0,0,0,0,0,0,26,3,K8sCronJob
cloudtuner-backup-20251210,Snapshot,,ap-south-1,snap-00f3713938ba251a7,0,0,0,0,0,0,0,26,3,K8sCronJob
cloudtuner-backup-20251210,Snapshot,,ap-south-1,snap-0ed07d9a401db8e4b,0,0,0,0,0,0,0,26,3,K8sCronJob
cloudtuner-backup-20251210,Snapshot,,ap-south-1,snap-0536a86ecf03d906a,0,0,0,0,0,0,0,26,3,K8sCronJob
cloudtuner-backup-20251210,Snapshot,,ap-south-1,snap-03251393537fc9d33,0,0,0,0,0,0,0,26,3,K8sCronJob
cloudtuner-backup-20251210,Snapshot,,ap-south-1,snap-00f3713938ba251a7,0,0,0,0,0,0,0,26,3,K8sCronJob
cloudtuner-backup-20251210,Snapshot,,ap-south-1,snap-0ed07d9a401db8e4b,0,0,0,0,0,0,0,26,3,K8sCronJob
cloudtuner-backup-20251210,Snapshot,,ap-south-1,snap-0536a86ecf03d906a,0,0,0,0,0,0,0,26,3,K8sCronJob
cloudtuner-backup-20251210,Snapshot,,ap-south-1,snap-03251393537fc9d33,0,0,0,0,0,0,0,26,3,K8sCronJob
cloudtuner-backup-20251210,Snapshot,,ap-south-1,snap-00f3713938ba251a7,0,0,0,0,0,0,0,26,3,K8sCronJob
cloudtuner-backup-20251210,Snapshot,,ap-south-1,snap-0ed07d9a401db8e4b,0,0,0,0,0,0,0,26,3,K8sCronJob
